Entity,Code,Year,"Employment to population ratio, 15+, female (%) (national estimate)"
Afghanistan,AFG,2008,42.832
Afghanistan,AFG,2012,15.481
Afghanistan,AFG,2014,23.177
Afghanistan,AFG,2017,18.202
Afghanistan,AFG,2020,13.73
Afghanistan,AFG,2021,22.045
Albania,ALB,2002,43.666
Albania,ALB,2004,39
Albania,ALB,2005,39.608
Albania,ALB,2007,30.693
Albania,ALB,2008,39.392
Albania,ALB,2009,38.912
Albania,ALB,2010,39.437
Albania,ALB,2011,45.271
Albania,ALB,2012,43.23
Albania,ALB,2013,38.04
Albania,ALB,2014,37.157
Albania,ALB,2015,38.983
Albania,ALB,2016,42.536
Albania,ALB,2017,43.369
Albania,ALB,2018,45.223
Albania,ALB,2019,46.891
Algeria,DZA,1975,2.5
Algeria,DZA,1984,4.77
Algeria,DZA,2009,11.42
Algeria,DZA,2010,11.45
Algeria,DZA,2014,12.35
Algeria,DZA,2015,13.6
Algeria,DZA,2016,13.849
Algeria,DZA,2017,13.46
American Samoa,ASM,1990,40.33
Angola,AGO,2004,46.3
Angola,AGO,2009,59.205
Angola,AGO,2010,67.43
Angola,AGO,2011,69.56
Angola,AGO,2014,33.651
Angola,AGO,2019,60.942
Angola,AGO,2021,62.932
Antigua and Barbuda,ATG,1991,59.38
Antigua and Barbuda,ATG,2001,60.47
Argentina,ARG,1990,31.9
Argentina,ARG,1991,32
Argentina,ARG,1992,33.1
Argentina,ARG,1993,33.3
Argentina,ARG,1994,31.1
Argentina,ARG,1995,31.5
Argentina,ARG,1996,31.7
Argentina,ARG,1997,33.6
Argentina,ARG,1998,35
Argentina,ARG,1999,35.8
Argentina,ARG,2000,37.2
Argentina,ARG,2001,35.5
Argentina,ARG,2002,37.6
Argentina,ARG,2003,41.2
Argentina,ARG,2004,42.391
Argentina,ARG,2005,42.786
Argentina,ARG,2006,43.921
Argentina,ARG,2007,43.4
Argentina,ARG,2008,43.735
Argentina,ARG,2009,44.301
Argentina,ARG,2010,43.643
Argentina,ARG,2011,44.146
Argentina,ARG,2012,44.13
Argentina,ARG,2013,43.902
Argentina,ARG,2014,43.722
Argentina,ARG,2017,43.474
Argentina,ARG,2018,44.319
Argentina,ARG,2019,44.924
Argentina,ARG,2020,41.021
Argentina,ARG,2021,45.52
Argentina,ARG,2022,48.09
Armenia,ARM,2000,29.73
Armenia,ARM,2007,38.008
Armenia,ARM,2008,36.045
Armenia,ARM,2009,38.753
Armenia,ARM,2010,40.079
Armenia,ARM,2011,38.16
Armenia,ARM,2012,43.924
Armenia,ARM,2013,43.774
Armenia,ARM,2014,44.473
Armenia,ARM,2015,43.753
Armenia,ARM,2016,43.208
Armenia,ARM,2017,43.543
Armenia,ARM,2018,56.148
Armenia,ARM,2019,59.453
Armenia,ARM,2020,56.614
Armenia,ARM,2021,58.232
Aruba,ABW,1991,47.68
Aruba,ABW,2000,51.93
Aruba,ABW,2007,55.61
Aruba,ABW,2010,53.31
Aruba,ABW,2011,53.4
Australia,AUS,1979,40.014
Australia,AUS,1980,41.246
Australia,AUS,1981,41.422
Australia,AUS,1982,40.836
Australia,AUS,1983,40.03
Australia,AUS,1984,41.007
Australia,AUS,1985,42.223
Australia,AUS,1986,44.09
Australia,AUS,1987,44.716
Australia,AUS,1988,45.924
Australia,AUS,1989,47.723
Australia,AUS,1990,48.488
Australia,AUS,1991,47.232
Australia,AUS,1992,46.798
Australia,AUS,1993,46.545
Australia,AUS,1994,47.686
Australia,AUS,1995,49.268
Australia,AUS,1996,49.369
Australia,AUS,1997,49.27
Australia,AUS,1998,49.717
Australia,AUS,1999,50.068
Australia,AUS,2000,51.216
Australia,AUS,2001,51.52
Australia,AUS,2002,51.862
Australia,AUS,2003,52.593
Australia,AUS,2004,52.622
Australia,AUS,2005,54.013
Australia,AUS,2006,54.717
Australia,AUS,2007,55.318
Australia,AUS,2008,55.887
Australia,AUS,2009,55.594
Australia,AUS,2010,55.485
Australia,AUS,2011,55.767
Australia,AUS,2012,55.661
Australia,AUS,2013,55.42
Australia,AUS,2014,55.049
Australia,AUS,2015,55.532
Australia,AUS,2016,55.924
Australia,AUS,2017,56.469
Australia,AUS,2018,57.299
Australia,AUS,2019,57.854
Australia,AUS,2020,56.385
Australia,AUS,2021,58.164
Australia,AUS,2022,60.063
Austria,AUT,1980,37.34
Austria,AUT,1982,37.71
Austria,AUT,1983,37.13
Austria,AUT,1984,39.14
Austria,AUT,1985,38.7
Austria,AUT,1986,39.31
Austria,AUT,1987,39.77
Austria,AUT,1988,40.11
Austria,AUT,1989,40.62
Austria,AUT,1990,41.42
Austria,AUT,1991,41.93
Austria,AUT,1992,43.04
Austria,AUT,1993,43.26
Austria,AUT,1994,46.718
Austria,AUT,1995,51.494
Austria,AUT,1996,50.915
Austria,AUT,1997,51
Austria,AUT,1998,51.615
Austria,AUT,1999,52.463
Austria,AUT,2000,52.665
Austria,AUT,2001,53.003
Austria,AUT,2002,54.171
Austria,AUT,2003,54.439
Austria,AUT,2004,47.491
Austria,AUT,2005,48.406
Austria,AUT,2006,49.187
Austria,AUT,2007,50.148
Austria,AUT,2008,51.107
Austria,AUT,2009,51.393
Austria,AUT,2010,51.729
Austria,AUT,2011,52.068
Austria,AUT,2012,52.441
Austria,AUT,2013,52.42
Austria,AUT,2014,52.402
Austria,AUT,2015,52.48
Austria,AUT,2016,52.875
Austria,AUT,2017,53.158
Austria,AUT,2018,53.409
Austria,AUT,2019,53.666
Austria,AUT,2020,53.096
Austria,AUT,2021,52.496
Austria,AUT,2022,53.839
Azerbaijan,AZE,1997,44.12
Azerbaijan,AZE,1998,43.64
Azerbaijan,AZE,1999,43.29
Azerbaijan,AZE,2000,63.436
Azerbaijan,AZE,2001,62.529
Azerbaijan,AZE,2002,61.657
Azerbaijan,AZE,2003,60.794
Azerbaijan,AZE,2004,60.178
Azerbaijan,AZE,2005,59.409
Azerbaijan,AZE,2006,58.58
Azerbaijan,AZE,2007,58.2
Azerbaijan,AZE,2008,57.84
Azerbaijan,AZE,2009,57.71
Azerbaijan,AZE,2010,57.68
Azerbaijan,AZE,2011,57.5
Azerbaijan,AZE,2012,57.6
Azerbaijan,AZE,2013,57.8
Azerbaijan,AZE,2014,58.3
Azerbaijan,AZE,2015,58.7
Azerbaijan,AZE,2016,59
Azerbaijan,AZE,2017,59.2
Azerbaijan,AZE,2018,59.4
Azerbaijan,AZE,2019,57.816
Azerbaijan,AZE,2020,56.549
Azerbaijan,AZE,2021,57.558
Azerbaijan,AZE,2022,57.9
Bahamas,BHS,1979,26.59
Bahamas,BHS,1989,41.19
Bahamas,BHS,1991,60.1
Bahamas,BHS,1992,58.8
Bahamas,BHS,1993,60.2
Bahamas,BHS,1994,61.04
Bahamas,BHS,1995,61.3
Bahamas,BHS,1996,58.2
Bahamas,BHS,1997,62.5
Bahamas,BHS,1998,60.26
Bahamas,BHS,1999,63.5
Bahamas,BHS,2001,66.1
Bahamas,BHS,2002,65.1
Bahamas,BHS,2008,69
Bahamas,BHS,2009,59.4
Bahamas,BHS,2011,59.6
Bahamas,BHS,2012,59.42
Bahrain,BHR,1979,8.56
Bahrain,BHR,1990,13.5
Bahrain,BHR,1991,25.79
Bahrain,BHR,1992,14.5
Bahrain,BHR,1993,15.6
Bahrain,BHR,1994,16.2
Bahrain,BHR,1995,16
Bahrain,BHR,1996,15.8
Bahrain,BHR,1997,16.1
Bahrain,BHR,1998,16.9
Bahrain,BHR,1999,18.2
Bahrain,BHR,2000,19.2
Bahrain,BHR,2001,31.78
Bahrain,BHR,2002,21
Bahrain,BHR,2003,21.2
Bahrain,BHR,2004,29.4
Bahrain,BHR,2005,26.39
Bahrain,BHR,2006,40.51
Bahrain,BHR,2007,32
Bahrain,BHR,2009,34.92
Bahrain,BHR,2010,42.08
Bahrain,BHR,2011,40.81
Bahrain,BHR,2015,42.01
Bangladesh,BGD,1984,9.58
Bangladesh,BGD,1985,9.72
Bangladesh,BGD,1986,11.49
Bangladesh,BGD,1989,72.63
Bangladesh,BGD,1991,68.3
Bangladesh,BGD,1996,61.03
Bangladesh,BGD,2000,54.02
Bangladesh,BGD,2003,24.81
Bangladesh,BGD,2006,27.121
Bangladesh,BGD,2010,33.944
Bangladesh,BGD,2013,31.076
Bangladesh,BGD,2016,33.19
Bangladesh,BGD,2017,33.918
Bangladesh,BGD,2022,22.387
Barbados,BRB,1978,27.65
Barbados,BRB,1983,43.79
Barbados,BRB,1986,44.38
Barbados,BRB,1987,44.92
Barbados,BRB,1988,47
Barbados,BRB,1989,49.9
Barbados,BRB,1990,48.13
Barbados,BRB,2009,56
Barbados,BRB,2010,55.42
Barbados,BRB,2011,55.6
Barbados,BRB,2012,53.6
Barbados,BRB,2013,54.83
Barbados,BRB,2014,52.71
Barbados,BRB,2015,55.357
Barbados,BRB,2016,56.518
Barbados,BRB,2017,55.193
Barbados,BRB,2018,54.395
Barbados,BRB,2019,54.736
Belarus,BLR,1997,41.06
Belarus,BLR,2009,52.7
Belarus,BLR,2015,85
Belarus,BLR,2016,64.102
Belarus,BLR,2017,64.418
Belarus,BLR,2018,63.865
Belarus,BLR,2019,64.214
Belarus,BLR,2020,63.507
Belarus,BLR,2021,63.752
Belarus,BLR,2022,63.878
Belgium,BEL,1977,24.64
Belgium,BEL,1979,25.43
Belgium,BEL,1980,25.61
Belgium,BEL,1983,29.835
Belgium,BEL,1984,29.478
Belgium,BEL,1985,29.957
Belgium,BEL,1986,30.317
Belgium,BEL,1987,30.123
Belgium,BEL,1988,30.918
Belgium,BEL,1989,31.506
Belgium,BEL,1990,32.375
Belgium,BEL,1991,33.962
Belgium,BEL,1992,35.206
Belgium,BEL,1993,35.295
Belgium,BEL,1994,35.172
Belgium,BEL,1995,35.583
Belgium,BEL,1996,35.519
Belgium,BEL,1997,36.274
Belgium,BEL,1998,36.784
Belgium,BEL,1999,38.762
Belgium,BEL,2000,40.035
Belgium,BEL,2001,38.969
Belgium,BEL,2002,39.253
Belgium,BEL,2003,39.515
Belgium,BEL,2004,40.584
Belgium,BEL,2005,41.349
Belgium,BEL,2006,41.556
Belgium,BEL,2007,42.597
Belgium,BEL,2008,43.346
Belgium,BEL,2009,43.145
Belgium,BEL,2010,43.648
Belgium,BEL,2011,43.655
Belgium,BEL,2012,43.61
Belgium,BEL,2013,43.866
Belgium,BEL,2014,44.26
Belgium,BEL,2015,44.279
Belgium,BEL,2016,44.164
Belgium,BEL,2017,45.284
Belgium,BEL,2018,46.766
Belgium,BEL,2019,47.371
Belgium,BEL,2020,46.689
Belgium,BEL,2021,47.108
Belgium,BEL,2022,48.133
Belize,BLZ,1994,29.38
Belize,BLZ,1996,27.66
Belize,BLZ,1997,30.75
Belize,BLZ,1998,31.15
Belize,BLZ,1999,31.55
Belize,BLZ,2005,36.89
Belize,BLZ,2012,41.79
Belize,BLZ,2013,40.684
Belize,BLZ,2014,40.83
Belize,BLZ,2015,42.621
Belize,BLZ,2016,43.73
Belize,BLZ,2017,44.024
Belize,BLZ,2019,49.418
Belize,BLZ,2021,41.215
Benin,BEN,2003,75.13
Benin,BEN,2010,73.79
Benin,BEN,2011,67.707
Benin,BEN,2018,55.644
Bermuda,BMU,2000,67.93
Bermuda,BMU,2009,66.735
Bermuda,BMU,2010,66.412
Bhutan,BTN,2005,45.97
Bhutan,BTN,2006,53.7
Bhutan,BTN,2009,62.51
Bhutan,BTN,2010,61.38
Bhutan,BTN,2011,59.95
Bhutan,BTN,2012,61.84
Bhutan,BTN,2013,60
Bhutan,BTN,2014,52.92
Bhutan,BTN,2015,54.18
Bhutan,BTN,2018,53.17
Bhutan,BTN,2019,59.159
Bhutan,BTN,2020,59.73
Bhutan,BTN,2021,61.34
Bhutan,BTN,2022,49.236
Bolivia,BOL,1980,24.66
Bolivia,BOL,1981,24.03
Bolivia,BOL,1982,24.87
Bolivia,BOL,1985,22.99
Bolivia,BOL,1986,22.3
Bolivia,BOL,1987,22.11
Bolivia,BOL,1989,38.84
Bolivia,BOL,1990,42.858
Bolivia,BOL,1991,43.84
Bolivia,BOL,1992,43.623
Bolivia,BOL,1993,41
Bolivia,BOL,1994,43.1
Bolivia,BOL,1995,52.33
Bolivia,BOL,1996,75.21
Bolivia,BOL,1997,32.93
Bolivia,BOL,1999,58.293
Bolivia,BOL,2000,60.11
Bolivia,BOL,2001,61.7
Bolivia,BOL,2002,57.6
Bolivia,BOL,2003,60.7
Bolivia,BOL,2004,60.7
Bolivia,BOL,2005,56.899
Bolivia,BOL,2006,60.292
Bolivia,BOL,2007,40.96
Bolivia,BOL,2008,60.334
Bolivia,BOL,2009,60.613
Bolivia,BOL,2011,60.451
Bolivia,BOL,2012,56.468
Bolivia,BOL,2013,57.378
Bolivia,BOL,2014,59.684
Bolivia,BOL,2015,52.781
Bolivia,BOL,2016,54.817
Bolivia,BOL,2017,56.935
Bolivia,BOL,2018,61.486
Bolivia,BOL,2019,63.757
Bolivia,BOL,2020,53.798
Bolivia,BOL,2021,67.188
Bolivia,BOL,2022,68.856
Bosnia and Herzegovina,BIH,2001,23.547
Bosnia and Herzegovina,BIH,2006,19.95
Bosnia and Herzegovina,BIH,2007,20.637
Bosnia and Herzegovina,BIH,2008,23.011
Bosnia and Herzegovina,BIH,2009,23.626
Bosnia and Herzegovina,BIH,2010,23.127
Bosnia and Herzegovina,BIH,2011,22.874
Bosnia and Herzegovina,BIH,2012,22.514
Bosnia and Herzegovina,BIH,2013,22.939
Bosnia and Herzegovina,BIH,2014,22.674
Bosnia and Herzegovina,BIH,2015,23.164
Bosnia and Herzegovina,BIH,2016,22.423
Bosnia and Herzegovina,BIH,2017,24.809
Bosnia and Herzegovina,BIH,2018,24.992
Bosnia and Herzegovina,BIH,2019,26.628
Bosnia and Herzegovina,BIH,2020,29.905
Bosnia and Herzegovina,BIH,2021,33.275
Bosnia and Herzegovina,BIH,2022,34.762
Botswana,BWA,1985,45.15
Botswana,BWA,1991,34.8
Botswana,BWA,1994,39
Botswana,BWA,1996,34.765
Botswana,BWA,1998,36.65
Botswana,BWA,2000,40.32
Botswana,BWA,2006,42.193
Botswana,BWA,2009,44.833
Botswana,BWA,2010,41.54
Botswana,BWA,2013,49.11
Botswana,BWA,2019,45.958
Botswana,BWA,2020,47.166
Botswana,BWA,2021,44.115
Botswana,BWA,2022,44.485
Brazil,BRA,1973,37.64
Brazil,BRA,1976,33.38
Brazil,BRA,1985,41.93
Brazil,BRA,1986,42.01
Brazil,BRA,1987,43.29
Brazil,BRA,1988,43.4
Brazil,BRA,1989,42.043
Brazil,BRA,1990,42.445
Brazil,BRA,1992,48.426
Brazil,BRA,1993,51
Brazil,BRA,1995,45.707
Brazil,BRA,1996,43.788
Brazil,BRA,1997,44.018
Brazil,BRA,1998,43.87
Brazil,BRA,1999,44.471
Brazil,BRA,2001,46.951
Brazil,BRA,2002,48.304
Brazil,BRA,2003,48.07
Brazil,BRA,2004,49.402
Brazil,BRA,2005,50.038
Brazil,BRA,2006,50.491
Brazil,BRA,2007,50.439
Brazil,BRA,2008,50.82
Brazil,BRA,2009,50.451
Brazil,BRA,2011,49.026
Brazil,BRA,2012,47.629
Brazil,BRA,2013,47.747
Brazil,BRA,2014,48.032
Brazil,BRA,2015,47.574
Brazil,BRA,2016,46.04
Brazil,BRA,2017,46.106
Brazil,BRA,2018,46.595
Brazil,BRA,2019,47.292
Brazil,BRA,2020,42.096
Brazil,BRA,2021,43.779
Brazil,BRA,2022,47.571
British Virgin Islands,VGB,1991,66.52
Brunei,BRN,1981,28.67
Brunei,BRN,1991,43.35
Brunei,BRN,2001,52.43
Brunei,BRN,2014,54.068
Brunei,BRN,2017,50.869
Brunei,BRN,2018,51.54
Brunei,BRN,2019,50.329
Brunei,BRN,2020,50.235
Brunei,BRN,2021,51.365
Brunei,BRN,2022,49.744
Bulgaria,BGR,2000,37.593
Bulgaria,BGR,2001,37.685
Bulgaria,BGR,2002,38.047
Bulgaria,BGR,2003,38.868
Bulgaria,BGR,2004,40.159
Bulgaria,BGR,2005,40.033
Bulgaria,BGR,2006,42.039
Bulgaria,BGR,2007,44.006
Bulgaria,BGR,2008,45.538
Bulgaria,BGR,2009,44.372
Bulgaria,BGR,2010,43.179
Bulgaria,BGR,2011,42.429
Bulgaria,BGR,2012,42.642
Bulgaria,BGR,2013,42.806
Bulgaria,BGR,2014,43.559
Bulgaria,BGR,2015,44.472
Bulgaria,BGR,2016,44.337
Bulgaria,BGR,2017,46.572
Bulgaria,BGR,2018,46.928
Bulgaria,BGR,2019,48.337
Bulgaria,BGR,2020,46.853
Bulgaria,BGR,2021,46.586
Bulgaria,BGR,2022,48.52
Burkina Faso,BFA,1985,72.8
Burkina Faso,BFA,1994,72
Burkina Faso,BFA,2006,60.09
Burkina Faso,BFA,2014,52.84
Burkina Faso,BFA,2018,36.192
Burundi,BDI,1998,85.8
Burundi,BDI,2006,74.711
Burundi,BDI,2014,78.896
Burundi,BDI,2017,78.92
Burundi,BDI,2020,77.485
Cambodia,KHM,1996,76.052
Cambodia,KHM,1997,70.081
Cambodia,KHM,1998,69.2
Cambodia,KHM,1999,78.559
Cambodia,KHM,2000,74.131
Cambodia,KHM,2001,79.981
Cambodia,KHM,2003,74.803
Cambodia,KHM,2004,77.63
Cambodia,KHM,2007,73.825
Cambodia,KHM,2008,74.68
Cambodia,KHM,2009,76.95
Cambodia,KHM,2010,80.631
Cambodia,KHM,2011,81.448
Cambodia,KHM,2012,60.734
Cambodia,KHM,2013,74.068
Cambodia,KHM,2014,73.832
Cambodia,KHM,2015,73.088
Cambodia,KHM,2016,75.267
Cambodia,KHM,2017,76.276
Cambodia,KHM,2019,69.578
Cambodia,KHM,2020,76.964
Cambodia,KHM,2021,73.422
Cameroon,CMR,1985,51.86
Cameroon,CMR,1996,57.54
Cameroon,CMR,2001,56.6
Cameroon,CMR,2007,75.465
Cameroon,CMR,2010,67.21
Cameroon,CMR,2014,64.487
Cameroon,CMR,2021,45.31
Canada,CAN,1976,41.947
Canada,CAN,1977,42.266
Canada,CAN,1978,43.363
Canada,CAN,1979,45.087
Canada,CAN,1980,46.387
Canada,CAN,1981,47.724
Canada,CAN,1982,46.529
Canada,CAN,1983,46.845
Canada,CAN,1984,47.692
Canada,CAN,1985,49.123
Canada,CAN,1986,50.284
Canada,CAN,1987,51.262
Canada,CAN,1988,52.717
Canada,CAN,1989,53.595
Canada,CAN,1990,53.766
Canada,CAN,1991,52.769
Canada,CAN,1992,51.942
Canada,CAN,1993,51.506
Canada,CAN,1994,51.884
Canada,CAN,1995,52.241
Canada,CAN,1996,52.128
Canada,CAN,1997,52.636
Canada,CAN,1998,53.716
Canada,CAN,1999,54.616
Canada,CAN,2000,55.422
Canada,CAN,2001,55.657
Canada,CAN,2002,56.567
Canada,CAN,2003,57.46
Canada,CAN,2004,57.738
Canada,CAN,2005,57.672
Canada,CAN,2006,58.045
Canada,CAN,2007,58.751
Canada,CAN,2008,58.854
Canada,CAN,2009,57.958
Canada,CAN,2010,57.802
Canada,CAN,2011,57.696
Canada,CAN,2012,57.896
Canada,CAN,2013,58.141
Canada,CAN,2014,57.687
Canada,CAN,2015,57.591
Canada,CAN,2016,57.517
Canada,CAN,2017,57.892
Canada,CAN,2018,58.028
Canada,CAN,2019,58.453
Canada,CAN,2020,54.111
Canada,CAN,2021,56.57
Canada,CAN,2022,58.316
Cape Verde,CPV,2009,42.048
Cape Verde,CPV,2015,40.581
Cape Verde,CPV,2017,45.49
Cape Verde,CPV,2018,43.09
Cape Verde,CPV,2019,44.43
Cayman Islands,CYM,1991,70.85
Cayman Islands,CYM,1999,77.21
Cayman Islands,CYM,2006,77.15
Cayman Islands,CYM,2007,75.82
Cayman Islands,CYM,2008,77.45
Cayman Islands,CYM,2009,76.56
Cayman Islands,CYM,2010,74.76
Cayman Islands,CYM,2011,73.31
Cayman Islands,CYM,2012,76.66
Cayman Islands,CYM,2013,75.89
Cayman Islands,CYM,2014,76.58
Cayman Islands,CYM,2015,76.77
Chad,TCD,1993,63.4
Chad,TCD,2018,48.901
Chile,CHL,1980,23.72
Chile,CHL,1981,24.2
Chile,CHL,1982,22.37
Chile,CHL,1983,24.19
Chile,CHL,1990,29.423
Chile,CHL,1992,31.694
Chile,CHL,1994,32.472
Chile,CHL,1996,32.98
Chile,CHL,1997,33.717
Chile,CHL,1998,34.124
Chile,CHL,1999,33.19
Chile,CHL,2000,33.09
Chile,CHL,2001,32.365
Chile,CHL,2002,32.168
Chile,CHL,2003,33.312
Chile,CHL,2004,34.264
Chile,CHL,2005,35.322
Chile,CHL,2006,36.512
Chile,CHL,2007,37.652
Chile,CHL,2008,38.995
Chile,CHL,2009,38.876
Chile,CHL,2010,42.236
Chile,CHL,2011,44.615
Chile,CHL,2012,45.219
Chile,CHL,2013,46.129
Chile,CHL,2014,46.733
Chile,CHL,2015,46.788
Chile,CHL,2016,47.08
Chile,CHL,2017,47.806
Chile,CHL,2018,48.036
Chile,CHL,2019,48.408
Chile,CHL,2020,40.455
Chile,CHL,2021,42.205
Chile,CHL,2022,45.69
China,CHN,2000,65.295
Colombia,COL,1980,12.58
Colombia,COL,1989,41.15
Colombia,COL,1990,39.84
Colombia,COL,1991,45.8
Colombia,COL,1992,46.12
Colombia,COL,1993,30.33
Colombia,COL,1994,48.82
Colombia,COL,1997,43.96
Colombia,COL,1998,44.55
Colombia,COL,1999,44.46
Colombia,COL,2000,43.12
Colombia,COL,2001,43.16
Colombia,COL,2002,43.005
Colombia,COL,2003,44.681
Colombia,COL,2004,43.53
Colombia,COL,2005,43.871
Colombia,COL,2007,42.705
Colombia,COL,2008,43.058
Colombia,COL,2009,45.487
Colombia,COL,2010,46.755
Colombia,COL,2011,47.791
Colombia,COL,2012,48.941
Colombia,COL,2013,48.864
Colombia,COL,2014,48.943
Colombia,COL,2015,49.27
Colombia,COL,2016,48.603
Colombia,COL,2017,48.121
Colombia,COL,2018,47.018
Colombia,COL,2019,45.698
Colombia,COL,2020,40.714
Colombia,COL,2021,42.39
Colombia,COL,2022,44.361
Comoros,COM,2004,30.936
Comoros,COM,2014,29.586
Comoros,COM,2021,38.45
Congo,COG,2005,52.82
Congo,COG,2009,39.144
Costa Rica,CRI,2001,38.473
Costa Rica,CRI,2002,37.96
Costa Rica,CRI,2003,38.132
Costa Rica,CRI,2004,36.505
Costa Rica,CRI,2005,39.392
Costa Rica,CRI,2006,39.719
Costa Rica,CRI,2007,41.465
Costa Rica,CRI,2008,41.794
Costa Rica,CRI,2009,40.465
Costa Rica,CRI,2010,40.382
Costa Rica,CRI,2011,40.684
Costa Rica,CRI,2012,45.617
Costa Rica,CRI,2013,46.022
Costa Rica,CRI,2014,45.708
Costa Rica,CRI,2015,44.64
Costa Rica,CRI,2016,41.106
Costa Rica,CRI,2017,41.202
Costa Rica,CRI,2018,42.865
Costa Rica,CRI,2019,45.088
Costa Rica,CRI,2020,38.116
Costa Rica,CRI,2021,39.948
Costa Rica,CRI,2022,42.454
Cote d'Ivoire,CIV,2012,57.942
Cote d'Ivoire,CIV,2013,66.024
Cote d'Ivoire,CIV,2016,56.925
Cote d'Ivoire,CIV,2017,44.385
Cote d'Ivoire,CIV,2019,54.542
Croatia,HRV,2000,36.371
Croatia,HRV,2001,35.5
Croatia,HRV,2002,36.377
Croatia,HRV,2003,36.123
Croatia,HRV,2004,36.979
Croatia,HRV,2005,36.723
Croatia,HRV,2006,37.376
Croatia,HRV,2007,40.023
Croatia,HRV,2008,41.002
Croatia,HRV,2009,41.701
Croatia,HRV,2010,40.458
Croatia,HRV,2011,38.487
Croatia,HRV,2012,37.418
Croatia,HRV,2013,37.115
Croatia,HRV,2014,37.948
Croatia,HRV,2015,38.957
Croatia,HRV,2016,39.164
Croatia,HRV,2017,40.149
Croatia,HRV,2018,41.255
Croatia,HRV,2019,41.95
Croatia,HRV,2020,41.296
Croatia,HRV,2021,42.121
Croatia,HRV,2022,43.145
Cuba,CUB,2004,37.1
Cuba,CUB,2006,38.41
Cuba,CUB,2007,40
Cuba,CUB,2009,41.5
Cuba,CUB,2010,40.7
Cuba,CUB,2011,40.13
Cuba,CUB,2012,55.3
Cuba,CUB,2013,55.3
Curacao,CUW,2018,44.14
Curacao,CUW,2020,43.04
Cyprus,CYP,1977,19.26
Cyprus,CYP,1978,20.36
Cyprus,CYP,1985,30.3
Cyprus,CYP,1987,31.63
Cyprus,CYP,1988,44.34
Cyprus,CYP,1989,45.5
Cyprus,CYP,1990,46.06
Cyprus,CYP,1991,45.11
Cyprus,CYP,1992,44.99
Cyprus,CYP,1995,45.57
Cyprus,CYP,1999,42.957
Cyprus,CYP,2000,45.528
Cyprus,CYP,2001,48.805
Cyprus,CYP,2002,50.25
Cyprus,CYP,2003,51.386
Cyprus,CYP,2004,50.028
Cyprus,CYP,2005,49.85
Cyprus,CYP,2006,51.425
Cyprus,CYP,2007,53.249
Cyprus,CYP,2008,53.477
Cyprus,CYP,2009,53.597
Cyprus,CYP,2010,54.131
Cyprus,CYP,2011,53.071
Cyprus,CYP,2012,50.648
Cyprus,CYP,2013,48.416
Cyprus,CYP,2014,49.754
Cyprus,CYP,2015,49.189
Cyprus,CYP,2016,48.879
Cyprus,CYP,2017,50.419
Cyprus,CYP,2018,52.357
Cyprus,CYP,2019,52.877
Cyprus,CYP,2020,52.276
Cyprus,CYP,2021,53.258
Cyprus,CYP,2022,55.019
Czechia,CZE,1993,49.469
Czechia,CZE,1994,49.837
Czechia,CZE,1995,49.823
Czechia,CZE,1996,49.442
Czechia,CZE,1997,48.824
Czechia,CZE,1998,47.669
Czechia,CZE,1999,46.634
Czechia,CZE,2000,46.179
Czechia,CZE,2001,46.208
Czechia,CZE,2002,46.337
Czechia,CZE,2003,45.778
Czechia,CZE,2004,45.534
Czechia,CZE,2005,45.684
Czechia,CZE,2006,46.083
Czechia,CZE,2007,46.424
Czechia,CZE,2008,46.554
Czechia,CZE,2009,45.701
Czechia,CZE,2010,45.147
Czechia,CZE,2011,45.566
Czechia,CZE,2012,45.936
Czechia,CZE,2013,46.695
Czechia,CZE,2014,47.101
Czechia,CZE,2015,48.138
Czechia,CZE,2016,49.441
Czechia,CZE,2017,50.418
Czechia,CZE,2018,51.296
Czechia,CZE,2019,51.335
Czechia,CZE,2020,50.279
Czechia,CZE,2021,50.176
Czechia,CZE,2022,50.717
Democratic Republic of Congo,COD,2005,69.666
Democratic Republic of Congo,COD,2012,60.267
Democratic Republic of Congo,COD,2020,59.635
Denmark,DNK,1974,49.11
Denmark,DNK,1976,49.69
Denmark,DNK,1977,50.34
Denmark,DNK,1978,52
Denmark,DNK,1979,50.86
Denmark,DNK,1981,50.89
Denmark,DNK,1983,52.174
Denmark,DNK,1984,53.277
Denmark,DNK,1985,53.999
Denmark,DNK,1986,56.058
Denmark,DNK,1987,56.054
Denmark,DNK,1988,56.329
Denmark,DNK,1989,55.157
Denmark,DNK,1990,55.978
Denmark,DNK,1991,55.52
Denmark,DNK,1992,56.237
Denmark,DNK,1993,54.997
Denmark,DNK,1994,53.047
Denmark,DNK,1995,52.504
Denmark,DNK,1996,53.793
Denmark,DNK,1997,55.211
Denmark,DNK,1998,55.701
Denmark,DNK,1999,56.487
Denmark,DNK,2000,57.223
Denmark,DNK,2001,56.807
Denmark,DNK,2002,57.64
Denmark,DNK,2003,56.287
Denmark,DNK,2004,57.1
Denmark,DNK,2005,57.204
Denmark,DNK,2006,58.169
Denmark,DNK,2007,58.116
Denmark,DNK,2008,57.467
Denmark,DNK,2009,56.269
Denmark,DNK,2010,54.867
Denmark,DNK,2011,54.124
Denmark,DNK,2012,53.618
Denmark,DNK,2013,53.177
Denmark,DNK,2014,52.947
Denmark,DNK,2015,53.027
Denmark,DNK,2016,53.889
Denmark,DNK,2017,54.123
Denmark,DNK,2018,54.484
Denmark,DNK,2019,54.933
Denmark,DNK,2020,54.295
Denmark,DNK,2021,55.121
Denmark,DNK,2022,56.751
Djibouti,DJI,2017,11.67
Dominica,DMA,1989,37.93
Dominica,DMA,1991,23.08
Dominica,DMA,1997,43.78
Dominica,DMA,1999,43.92
Dominica,DMA,2001,40.8
Dominican Republic,DOM,1991,25.1
Dominican Republic,DOM,1992,27.8
Dominican Republic,DOM,1993,27
Dominican Republic,DOM,1994,27.2
Dominican Republic,DOM,1995,26.3
Dominican Republic,DOM,1996,30.79
Dominican Republic,DOM,1998,25.8
Dominican Republic,DOM,1999,27.5
Dominican Republic,DOM,2000,35.738
Dominican Republic,DOM,2001,34.235
Dominican Republic,DOM,2002,36.089
Dominican Republic,DOM,2003,35.337
Dominican Republic,DOM,2004,35.316
Dominican Republic,DOM,2005,35.915
Dominican Republic,DOM,2006,37.095
Dominican Republic,DOM,2007,37.312
Dominican Republic,DOM,2008,38.868
Dominican Republic,DOM,2009,35.942
Dominican Republic,DOM,2010,38.79
Dominican Republic,DOM,2011,40.078
Dominican Republic,DOM,2012,41.108
Dominican Republic,DOM,2013,40.399
Dominican Republic,DOM,2014,41.044
Dominican Republic,DOM,2015,43.092
Dominican Republic,DOM,2016,43.804
Dominican Republic,DOM,2017,45.234
Dominican Republic,DOM,2018,45.934
Dominican Republic,DOM,2019,47.771
Dominican Republic,DOM,2020,43.445
Dominican Republic,DOM,2021,45.031
Dominican Republic,DOM,2022,46.537
East Asia and Pacific (WB),,2000,61.227974
East Timor,TLS,2001,35.857
East Timor,TLS,2007,44.111
East Timor,TLS,2010,25.659
East Timor,TLS,2013,42.062
East Timor,TLS,2016,57.534
East Timor,TLS,2021,27.072
Ecuador,ECU,1996,42.26
Ecuador,ECU,1997,43.09
Ecuador,ECU,1998,44.53
Ecuador,ECU,2000,43.014
Ecuador,ECU,2001,51.877
Ecuador,ECU,2002,46.68
Ecuador,ECU,2003,46.174
Ecuador,ECU,2004,49.864
Ecuador,ECU,2005,49.529
Ecuador,ECU,2006,50.506
Ecuador,ECU,2007,50.08
Ecuador,ECU,2008,49.595
Ecuador,ECU,2009,46.958
Ecuador,ECU,2010,45.857
Ecuador,ECU,2011,45.308
Ecuador,ECU,2012,46.46
Ecuador,ECU,2013,46.548
Ecuador,ECU,2014,45.955
Ecuador,ECU,2015,49.794
Ecuador,ECU,2016,52.396
Ecuador,ECU,2017,53.618
Ecuador,ECU,2018,52.237
Ecuador,ECU,2019,52.028
Ecuador,ECU,2020,44.721
Ecuador,ECU,2021,50.039
Ecuador,ECU,2022,51.185
Egypt,EGY,1973,4.35
Egypt,EGY,1975,4.82
Egypt,EGY,1977,5.66
Egypt,EGY,1978,6.6
Egypt,EGY,1979,5.22
Egypt,EGY,1980,5.51
Egypt,EGY,1981,3.81
Egypt,EGY,1982,3.8
Egypt,EGY,1983,14.78
Egypt,EGY,1984,15.43
Egypt,EGY,1989,27.42
Egypt,EGY,1990,21.92
Egypt,EGY,1991,17.31
Egypt,EGY,1992,19.15
Egypt,EGY,1993,17.35
Egypt,EGY,1994,17.89
Egypt,EGY,1995,16.56
Egypt,EGY,1996,11.5
Egypt,EGY,1998,15.58
Egypt,EGY,1999,16.33
Egypt,EGY,2000,10.4
Egypt,EGY,2001,15.27
Egypt,EGY,2002,13.96
Egypt,EGY,2008,17.624
Egypt,EGY,2009,17.671
Egypt,EGY,2010,17.957
Egypt,EGY,2011,17.354
Egypt,EGY,2012,17.014
Egypt,EGY,2013,17.378
Egypt,EGY,2014,17.529
Egypt,EGY,2015,17.042
Egypt,EGY,2016,17.505
Egypt,EGY,2017,16.869
Egypt,EGY,2018,14.382
Egypt,EGY,2019,12.227
Egypt,EGY,2020,11.837
Egypt,EGY,2021,12.873
El Salvador,SLV,1992,28.7
El Salvador,SLV,1995,34.4
El Salvador,SLV,1996,38.86
El Salvador,SLV,1997,39.18
El Salvador,SLV,1998,41.85
El Salvador,SLV,1999,41.65
El Salvador,SLV,2000,42.6
El Salvador,SLV,2001,42.2
El Salvador,SLV,2002,39.7
El Salvador,SLV,2003,40.76
El Salvador,SLV,2004,38.41
El Salvador,SLV,2005,42.6
El Salvador,SLV,2006,45.01
El Salvador,SLV,2007,45.06
El Salvador,SLV,2008,45.56
El Salvador,SLV,2009,45.24
El Salvador,SLV,2010,44.843
El Salvador,SLV,2011,44.981
El Salvador,SLV,2012,45.814
El Salvador,SLV,2013,46.988
El Salvador,SLV,2014,45.549
El Salvador,SLV,2015,44.386
El Salvador,SLV,2016,44.738
El Salvador,SLV,2017,43.907
El Salvador,SLV,2018,43.788
El Salvador,SLV,2019,44.28
El Salvador,SLV,2020,42.901
El Salvador,SLV,2021,43.249
El Salvador,SLV,2022,44.848
Estonia,EST,1990,66.001
Estonia,EST,1991,63.778
Estonia,EST,1992,59.579
Estonia,EST,1993,55.832
Estonia,EST,1994,54.746
Estonia,EST,1995,52.921
Estonia,EST,1996,52.545
Estonia,EST,1997,52.876
Estonia,EST,1998,48.129
Estonia,EST,1999,46.383
Estonia,EST,2000,46.541
Estonia,EST,2001,45.385
Estonia,EST,2002,46.747
Estonia,EST,2003,46.992
Estonia,EST,2004,48.612
Estonia,EST,2005,49.92
Estonia,EST,2006,51.719
Estonia,EST,2007,52.028
Estonia,EST,2008,51.93
Estonia,EST,2009,49.066
Estonia,EST,2010,47.331
Estonia,EST,2011,49.233
Estonia,EST,2012,50.373
Estonia,EST,2013,50.882
Estonia,EST,2014,50.87
Estonia,EST,2015,52.575
Estonia,EST,2016,53.209
Estonia,EST,2017,54.418
Estonia,EST,2018,54.686
Estonia,EST,2019,54.981
Estonia,EST,2020,53.743
Estonia,EST,2021,55.055
Estonia,EST,2022,57.563
Eswatini,SWZ,1995,36.6
Eswatini,SWZ,1997,32.01
Eswatini,SWZ,2016,35.626
Eswatini,SWZ,2021,30.44
Ethiopia,ETH,1999,51.72
Ethiopia,ETH,2005,72.361
Ethiopia,ETH,2013,72.112
Ethiopia,ETH,2021,54.566
Europe and Central Asia (WB),,1992,45.477886
Europe and Central Asia (WB),,1993,44.035637
Europe and Central Asia (WB),,1994,43.39353
Europe and Central Asia (WB),,1995,43.56053
Europe and Central Asia (WB),,1996,42.971886
Europe and Central Asia (WB),,1997,42.397415
Europe and Central Asia (WB),,1998,42.47242
Europe and Central Asia (WB),,1999,43.90693
Europe and Central Asia (WB),,2000,44.41166
Europe and Central Asia (WB),,2001,44.654938
Europe and Central Asia (WB),,2002,44.982594
Europe and Central Asia (WB),,2003,44.998642
Europe and Central Asia (WB),,2004,45.572987
Europe and Central Asia (WB),,2005,45.58328
Europe and Central Asia (WB),,2006,46.038757
Europe and Central Asia (WB),,2007,46.664364
Europe and Central Asia (WB),,2008,47.494724
Europe and Central Asia (WB),,2009,47.19837
Europe and Central Asia (WB),,2010,46.99641
Europe and Central Asia (WB),,2011,47.3626
Europe and Central Asia (WB),,2012,47.4994
Europe and Central Asia (WB),,2013,47.516163
Europe and Central Asia (WB),,2014,48.095306
Europe and Central Asia (WB),,2015,48.8128
Europe and Central Asia (WB),,2016,48.938297
Europe and Central Asia (WB),,2017,48.230167
Europe and Central Asia (WB),,2018,48.190083
Europe and Central Asia (WB),,2019,48.34453
Europe and Central Asia (WB),,2020,46.232006
Europe and Central Asia (WB),,2021,46.829025
Europe and Central Asia (WB),,2022,49.144226
European Union (27),,1983,33.433395
European Union (27),,1984,34.30473
European Union (27),,1986,34.74339
European Union (27),,1987,35.06421
European Union (27),,1988,35.565845
European Union (27),,1989,36.060932
European Union (27),,1990,38.35403
European Union (27),,1991,39.178413
European Union (27),,1992,40.349808
European Union (27),,1993,39.925583
European Union (27),,1994,39.79061
European Union (27),,1995,40.78805
European Union (27),,1996,39.90207
European Union (27),,1997,40.206554
European Union (27),,1998,40.685562
European Union (27),,1999,41.43708
European Union (27),,2000,41.763172
European Union (27),,2001,42.234936
European Union (27),,2002,42.228027
European Union (27),,2003,42.561577
European Union (27),,2004,42.54572
European Union (27),,2005,42.968895
European Union (27),,2006,43.817398
European Union (27),,2007,44.722202
European Union (27),,2008,45.26372
European Union (27),,2009,44.83348
European Union (27),,2010,44.764275
European Union (27),,2011,44.87539
European Union (27),,2012,44.818817
European Union (27),,2013,44.743168
European Union (27),,2014,45.0842
European Union (27),,2015,45.495758
European Union (27),,2016,46.15032
European Union (27),,2017,46.841187
European Union (27),,2018,47.38612
European Union (27),,2019,47.867676
European Union (27),,2020,46.994057
European Union (27),,2021,47.503883
European Union (27),,2022,48.57292
Fiji,FJI,1996,36.28
Fiji,FJI,2004,33.4
Fiji,FJI,2005,33.04
Fiji,FJI,2011,43.358
Fiji,FJI,2014,37.78
Fiji,FJI,2016,36.415
Finland,FIN,1977,42.8
Finland,FIN,1979,53.61
Finland,FIN,1980,44.01
Finland,FIN,1981,54.96
Finland,FIN,1982,67.49
Finland,FIN,1984,55.93
Finland,FIN,1985,56.86
Finland,FIN,1986,56.3
Finland,FIN,1987,55.91
Finland,FIN,1988,55.98
Finland,FIN,1989,57.31
Finland,FIN,1990,63.066
Finland,FIN,1991,60.293
Finland,FIN,1992,56.152
Finland,FIN,1993,52.443
Finland,FIN,1994,51.473
Finland,FIN,1995,47.173
Finland,FIN,1996,46.106
Finland,FIN,1997,46.534
Finland,FIN,1998,47.64
Finland,FIN,1999,50.894
Finland,FIN,2000,51.318
Finland,FIN,2001,52.23
Finland,FIN,2002,52.742
Finland,FIN,2003,52.492
Finland,FIN,2004,51.69
Finland,FIN,2005,51.882
Finland,FIN,2006,52.456
Finland,FIN,2007,53.249
Finland,FIN,2008,53.551
Finland,FIN,2009,52.644
Finland,FIN,2010,51.743
Finland,FIN,2011,51.835
Finland,FIN,2012,52.033
Finland,FIN,2013,51.356
Finland,FIN,2014,51.07
Finland,FIN,2015,50.69
Finland,FIN,2016,50.279
Finland,FIN,2017,50.57
Finland,FIN,2018,51.811
Finland,FIN,2019,52.352
Finland,FIN,2020,51.121
Finland,FIN,2021,52.684
Finland,FIN,2022,54.464
France,FRA,1979,38.88
France,FRA,1980,38.86
France,FRA,1981,38.84
France,FRA,1982,39.23
France,FRA,1983,41.058
France,FRA,1984,40.826
France,FRA,1985,40.606
France,FRA,1986,41.316
France,FRA,1987,40.548
France,FRA,1988,40.711
France,FRA,1989,40.886
France,FRA,1990,41.021
France,FRA,1991,41.434
France,FRA,1992,41.237
France,FRA,1993,41.372
France,FRA,1994,41.022
France,FRA,1995,41.441
France,FRA,1996,41.559
France,FRA,1997,41.309
France,FRA,1998,41.737
France,FRA,1999,42.117
France,FRA,2000,43.091
France,FRA,2001,43.729
France,FRA,2002,44.257
France,FRA,2003,45.728
France,FRA,2004,45.189
France,FRA,2005,45.403
France,FRA,2006,45.546
France,FRA,2007,46.402
France,FRA,2008,46.922
France,FRA,2009,46.55
France,FRA,2010,46.412
France,FRA,2011,46.283
France,FRA,2012,46.367
France,FRA,2013,46.664
France,FRA,2014,46.465
France,FRA,2015,46.53
France,FRA,2016,46.53
France,FRA,2017,46.5
France,FRA,2018,46.773
France,FRA,2019,46.977
France,FRA,2020,46.603
France,FRA,2021,48.185
France,FRA,2022,48.771
French Polynesia,PYF,1988,38.96
French Polynesia,PYF,1996,40.7
French Polynesia,PYF,2002,41.22
French Polynesia,PYF,2007,41.2
French Polynesia,PYF,2012,37.92
Gabon,GAB,1993,46.14
Gabon,GAB,2005,41.52
Gabon,GAB,2010,28.53
Gambia,GMB,2012,44.077
Gambia,GMB,2018,54.41
Georgia,GEO,1998,49.9
Georgia,GEO,1999,51.15
Georgia,GEO,2000,54
Georgia,GEO,2001,52.05
Georgia,GEO,2002,49.86
Georgia,GEO,2003,50.92
Georgia,GEO,2004,50.16
Georgia,GEO,2005,48.82
Georgia,GEO,2006,47.4
Georgia,GEO,2007,48.1
Georgia,GEO,2008,44.9
Georgia,GEO,2009,44.225
Georgia,GEO,2010,46.01
Georgia,GEO,2011,46.467
Georgia,GEO,2012,46.865
Georgia,GEO,2013,47.319
Georgia,GEO,2014,49.045
Georgia,GEO,2015,50.747
Georgia,GEO,2016,50.574
Georgia,GEO,2017,50.787
Georgia,GEO,2018,49.335
Georgia,GEO,2019,48.993
Georgia,GEO,2020,49.386
Germany,DEU,1983,37.089
Germany,DEU,1984,37.351
Germany,DEU,1985,37.634
Germany,DEU,1986,38.144
Germany,DEU,1987,38.164
Germany,DEU,1988,38.784
Germany,DEU,1989,39.35
Germany,DEU,1990,42.579
Germany,DEU,1991,44.997
Germany,DEU,1992,43.929
Germany,DEU,1993,43.167
Germany,DEU,1994,42.852
Germany,DEU,1995,43.086
Germany,DEU,1996,43.251
Germany,DEU,1997,43.078
Germany,DEU,1998,43.356
Germany,DEU,1999,44.441
Germany,DEU,2000,44.817
Germany,DEU,2001,45.459
Germany,DEU,2002,45.306
Germany,DEU,2003,45.121
Germany,DEU,2004,44.451
Germany,DEU,2005,45.539
Germany,DEU,2006,46.688
Germany,DEU,2007,47.798
Germany,DEU,2008,48.503
Germany,DEU,2009,49.055
Germany,DEU,2010,49.61
Germany,DEU,2011,50.989
Germany,DEU,2012,51.232
Germany,DEU,2013,51.901
Germany,DEU,2014,52.226
Germany,DEU,2015,52.397
Germany,DEU,2016,53.551
Germany,DEU,2017,54.032
Germany,DEU,2018,54.316
Germany,DEU,2019,55.033
Germany,DEU,2020,53.633
Germany,DEU,2021,53.536
Germany,DEU,2022,54.501
Ghana,GHA,1988,63.2
Ghana,GHA,1989,61
Ghana,GHA,1991,73.848
Ghana,GHA,1992,74.2
Ghana,GHA,1998,60.5
Ghana,GHA,1999,75.8
Ghana,GHA,2000,64.84
Ghana,GHA,2006,65.589
Ghana,GHA,2010,65.4
Ghana,GHA,2013,71.97
Ghana,GHA,2015,61.195
Ghana,GHA,2017,67.072
Greece,GRC,1981,28.43
Greece,GRC,1982,27.33
Greece,GRC,1983,29.681
Greece,GRC,1984,29.857
Greece,GRC,1985,30.645
Greece,GRC,1986,30.594
Greece,GRC,1987,30.241
Greece,GRC,1988,30.733
Greece,GRC,1989,31.128
Greece,GRC,1990,31.092
Greece,GRC,1991,28.722
Greece,GRC,1992,29.616
Greece,GRC,1993,29.404
Greece,GRC,1994,29.972
Greece,GRC,1995,30.339
Greece,GRC,1996,30.905
Greece,GRC,1997,30.633
Greece,GRC,1998,32.297
Greece,GRC,1999,32.52
Greece,GRC,2000,32.926
Greece,GRC,2001,32.657
Greece,GRC,2002,33.187
Greece,GRC,2003,33.913
Greece,GRC,2004,34.446
Greece,GRC,2005,34.97
Greece,GRC,2006,36.077
Greece,GRC,2007,36.334
Greece,GRC,2008,37.056
Greece,GRC,2009,37.185
Greece,GRC,2010,36.358
Greece,GRC,2011,33.9
Greece,GRC,2012,31.111
Greece,GRC,2013,29.633
Greece,GRC,2014,30.411
Greece,GRC,2015,31.461
Greece,GRC,2016,31.968
Greece,GRC,2017,32.702
Greece,GRC,2018,33.226
Greece,GRC,2019,34.557
Greece,GRC,2020,35.007
Greece,GRC,2021,35.314
Greece,GRC,2022,37.349
Greenland,GRL,2008,58
Greenland,GRL,2009,58
Greenland,GRL,2010,57
Greenland,GRL,2011,57
Greenland,GRL,2012,56
Greenland,GRL,2013,57
Greenland,GRL,2014,56
Greenland,GRL,2015,57
Grenada,GRD,1988,36.36
Grenada,GRD,1998,43.3
Grenada,GRD,2018,46.583
Grenada,GRD,2019,50.83
Grenada,GRD,2020,38.885
Guam,GUM,1980,43.5
Guam,GUM,1983,43.07
Guam,GUM,1986,44.83
Guam,GUM,1990,53
Guam,GUM,2000,33.65
Guam,GUM,2002,49.5
Guam,GUM,2004,48.7
Guam,GUM,2005,50.9
Guam,GUM,2006,51.5
Guam,GUM,2007,43.9
Guam,GUM,2009,48.4
Guam,GUM,2010,51.2
Guam,GUM,2011,47.7
Guatemala,GTM,2000,44.9
Guatemala,GTM,2002,45.1
Guatemala,GTM,2003,46.675
Guatemala,GTM,2004,41.014
Guatemala,GTM,2006,49.75
Guatemala,GTM,2010,40.381
Guatemala,GTM,2011,37.603
Guatemala,GTM,2012,43.985
Guatemala,GTM,2013,38.856
Guatemala,GTM,2014,39.203
Guatemala,GTM,2015,37.489
Guatemala,GTM,2016,38.697
Guatemala,GTM,2017,37.827
Guatemala,GTM,2018,38.007
Guatemala,GTM,2019,36.734
Guatemala,GTM,2021,41.98
Guatemala,GTM,2022,39.641
Guinea,GIN,2002,60.579
Guinea,GIN,2019,40.701
Guinea-Bissau,GNB,2018,47.737
Guyana,GUY,1987,26.94
Guyana,GUY,2002,29.21
Guyana,GUY,2018,35.432
Guyana,GUY,2019,33.362
Haiti,HTI,1980,55.08
Haiti,HTI,1990,44.2
Haiti,HTI,2003,28
Haiti,HTI,2012,45.322
High-income countries,,1979,41.023796
High-income countries,,1980,40.96582
High-income countries,,1982,41.79873
High-income countries,,1983,41.287056
High-income countries,,1984,42.35034
High-income countries,,1985,43.548252
High-income countries,,1986,43.149433
High-income countries,,1987,43.863293
High-income countries,,1988,44.487843
High-income countries,,1989,45.37975
High-income countries,,1990,46.075005
High-income countries,,1991,46.457336
High-income countries,,1992,46.124153
High-income countries,,1993,46.399586
High-income countries,,1994,46.57056
High-income countries,,1995,47.114628
High-income countries,,1996,47.00734
High-income countries,,1997,47.24526
High-income countries,,1998,47.335037
High-income countries,,1999,47.400578
High-income countries,,2000,47.617695
High-income countries,,2001,47.865425
High-income countries,,2002,47.575764
High-income countries,,2003,48.11315
High-income countries,,2004,48.195892
High-income countries,,2005,48.546524
High-income countries,,2006,48.705555
High-income countries,,2007,49.108
High-income countries,,2008,49.199783
High-income countries,,2009,48.478218
High-income countries,,2010,48.78157
High-income countries,,2011,48.839497
High-income countries,,2012,48.28045
High-income countries,,2013,48.485218
High-income countries,,2014,48.866764
High-income countries,,2015,49.150467
High-income countries,,2016,50.324017
High-income countries,,2017,50.237873
High-income countries,,2018,50.788494
High-income countries,,2019,51.3457
High-income countries,,2020,49.25012
High-income countries,,2021,50.25879
High-income countries,,2022,51.570812
Honduras,HND,1991,32.21
Honduras,HND,1992,34.64
Honduras,HND,1995,34.66
Honduras,HND,1998,42.12
Honduras,HND,1999,46.24
Honduras,HND,2001,38.34
Honduras,HND,2002,35.9
Honduras,HND,2003,37.4
Honduras,HND,2004,36.46
Honduras,HND,2005,39.548
Honduras,HND,2006,37.709
Honduras,HND,2007,37.098
Honduras,HND,2008,38.725
Honduras,HND,2009,39.941
Honduras,HND,2010,41.013
Honduras,HND,2011,37.904
Honduras,HND,2012,37.057
Honduras,HND,2013,40.97
Honduras,HND,2014,42.629
Honduras,HND,2015,43.358
Honduras,HND,2016,42.748
Honduras,HND,2017,43.096
Honduras,HND,2018,47.446
Honduras,HND,2019,44.359
Honduras,HND,2020,41.793
Honduras,HND,2021,45.218
Honduras,HND,2022,44.37
Hong Kong,HKG,1979,42.07
Hong Kong,HKG,1980,43.23
Hong Kong,HKG,1981,46.84
Hong Kong,HKG,1982,45.96
Hong Kong,HKG,1983,45.88
Hong Kong,HKG,1984,47.32
Hong Kong,HKG,1985,47.2
Hong Kong,HKG,1986,47.59
Hong Kong,HKG,1987,47.6
Hong Kong,HKG,1988,47.3
Hong Kong,HKG,1989,46.17
Hong Kong,HKG,1990,45.45
Hong Kong,HKG,1995,46.31
Hong Kong,HKG,1996,46.69
Hong Kong,HKG,1997,46.98
Hong Kong,HKG,1998,46.59
Hong Kong,HKG,1999,47.42
Hong Kong,HKG,2000,46.68
Hong Kong,HKG,2006,50.67
Hong Kong,HKG,2009,50.93
Hong Kong,HKG,2010,50.092
Hong Kong,HKG,2011,51.471
Hong Kong,HKG,2012,52.065
Hong Kong,HKG,2013,52.869
Hong Kong,HKG,2014,52.904
Hong Kong,HKG,2015,52.996
Hong Kong,HKG,2016,53.109
Hong Kong,HKG,2017,53.581
Hong Kong,HKG,2018,53.914
Hong Kong,HKG,2019,53.809
Hong Kong,HKG,2020,51.753
Hong Kong,HKG,2021,51.898
Hong Kong,HKG,2022,51.047
Hungary,HUN,1978,40.97
Hungary,HUN,1979,41.18
Hungary,HUN,1981,45.21
Hungary,HUN,1985,44.8
Hungary,HUN,1986,44.93
Hungary,HUN,1987,44.79
Hungary,HUN,1988,45.25
Hungary,HUN,1989,45.38
Hungary,HUN,1990,44.73
Hungary,HUN,1991,42.74
Hungary,HUN,1992,46.593
Hungary,HUN,1993,43.466
Hungary,HUN,1994,41.922
Hungary,HUN,1995,40.002
Hungary,HUN,1996,36.38
Hungary,HUN,1997,36.042
Hungary,HUN,1998,37.25
Hungary,HUN,1999,38.888
Hungary,HUN,2000,39.262
Hungary,HUN,2001,39.123
Hungary,HUN,2002,39.288
Hungary,HUN,2003,40.088
Hungary,HUN,2004,39.772
Hungary,HUN,2005,39.883
Hungary,HUN,2006,39.966
Hungary,HUN,2007,39.653
Hungary,HUN,2008,39.312
Hungary,HUN,2009,38.66
Hungary,HUN,2010,39.107
Hungary,HUN,2011,39.136
Hungary,HUN,2012,40.198
Hungary,HUN,2013,40.554
Hungary,HUN,2014,42.782
Hungary,HUN,2015,44.023
Hungary,HUN,2016,45.581
Hungary,HUN,2017,46.159
Hungary,HUN,2018,46.75
Hungary,HUN,2019,47.045
Hungary,HUN,2020,46.325
Hungary,HUN,2021,50.577
Hungary,HUN,2022,51.811
Iceland,ISL,1991,70.791
Iceland,ISL,1992,70.606
Iceland,ISL,1993,70.313
Iceland,ISL,1994,70.771
Iceland,ISL,1995,73.612
Iceland,ISL,1996,73.133
Iceland,ISL,1997,71.555
Iceland,ISL,1998,73.069
Iceland,ISL,1999,76.091
Iceland,ISL,2000,77.674
Iceland,ISL,2001,76.712
Iceland,ISL,2002,76.183
Iceland,ISL,2003,75.61
Iceland,ISL,2004,74.695
Iceland,ISL,2005,75.159
Iceland,ISL,2006,75.375
Iceland,ISL,2007,75.984
Iceland,ISL,2008,75.019
Iceland,ISL,2009,72.06
Iceland,ISL,2010,71.609
Iceland,ISL,2011,71.651
Iceland,ISL,2012,72.712
Iceland,ISL,2013,73.699
Iceland,ISL,2014,74.892
Iceland,ISL,2015,76.439
Iceland,ISL,2016,77.318
Iceland,ISL,2017,76.754
Iceland,ISL,2018,75.941
Iceland,ISL,2019,74.966
Iceland,ISL,2020,71.03
Iceland,ISL,2021,64.882
Iceland,ISL,2022,68.305
India,IND,1994,26.318
India,IND,2000,29.957
India,IND,2005,27.625
India,IND,2010,27.806
India,IND,2012,26.233
India,IND,2018,19.145
India,IND,2019,22.578
India,IND,2020,24.398
India,IND,2021,25.579
India,IND,2022,26.963
Indonesia,IDN,1976,54.82
Indonesia,IDN,1977,41.86
Indonesia,IDN,1978,46.73
Indonesia,IDN,1982,44.39
Indonesia,IDN,1986,51.75
Indonesia,IDN,1988,52.77
Indonesia,IDN,1989,52.25
Indonesia,IDN,1990,49.191
Indonesia,IDN,1991,48.123
Indonesia,IDN,1992,48.942
Indonesia,IDN,1993,48.031
Indonesia,IDN,1994,48.198
Indonesia,IDN,1996,47.746
Indonesia,IDN,1997,47.108
Indonesia,IDN,1998,48.024
Indonesia,IDN,1999,47.641
Indonesia,IDN,2000,48.223
Indonesia,IDN,2001,46.313
Indonesia,IDN,2002,44.239
Indonesia,IDN,2003,43.827
Indonesia,IDN,2004,42.868
Indonesia,IDN,2005,41.293
Indonesia,IDN,2006,41.657
Indonesia,IDN,2007,44.835
Indonesia,IDN,2008,46.307
Indonesia,IDN,2009,46.941
Indonesia,IDN,2010,47.71
Indonesia,IDN,2011,48.128
Indonesia,IDN,2012,49.01
Indonesia,IDN,2013,48.535
Indonesia,IDN,2014,48.659
Indonesia,IDN,2015,48.508
Indonesia,IDN,2016,48.966
Indonesia,IDN,2017,50.121
Indonesia,IDN,2018,50.886
Indonesia,IDN,2019,52.113
Indonesia,IDN,2020,51.171
Indonesia,IDN,2021,50.404
Indonesia,IDN,2022,50.843
Iran,IRN,1986,6.1
Iran,IRN,1991,6.6
Iran,IRN,1996,9.86
Iran,IRN,2005,15.479
Iran,IRN,2006,15.142
Iran,IRN,2007,14.339
Iran,IRN,2008,12.333
Iran,IRN,2009,13.108
Iran,IRN,2010,12.094
Iran,IRN,2011,10.853
Iran,IRN,2012,11.931
Iran,IRN,2013,10.747
Iran,IRN,2014,10.473
Iran,IRN,2015,11.603
Iran,IRN,2016,12.88
Iran,IRN,2017,13.933
Iran,IRN,2018,14.204
Iran,IRN,2019,14
Iran,IRN,2020,11.702
Iran,IRN,2021,11.128
Iran,IRN,2022,11.428
Iraq,IRQ,2007,11.307
Iraq,IRQ,2012,10.423
Iraq,IRQ,2014,10.63
Iraq,IRQ,2016,11.31
Iraq,IRQ,2017,7.72
Iraq,IRQ,2021,7.719
Ireland,IRL,1983,28.78
Ireland,IRL,1984,27.668
Ireland,IRL,1985,26.896
Ireland,IRL,1986,27.247
Ireland,IRL,1987,28.264
Ireland,IRL,1988,28.048
Ireland,IRL,1989,28.873
Ireland,IRL,1990,30.078
Ireland,IRL,1991,30.062
Ireland,IRL,1992,31.189
Ireland,IRL,1993,32.457
Ireland,IRL,1994,33.702
Ireland,IRL,1995,35.114
Ireland,IRL,1996,36.662
Ireland,IRL,1997,38.338
Ireland,IRL,1998,40.706
Ireland,IRL,1999,43.333
Ireland,IRL,2000,45.14
Ireland,IRL,2001,45.876
Ireland,IRL,2002,46.955
Ireland,IRL,2003,47.168
Ireland,IRL,2004,47.539
Ireland,IRL,2005,49.739
Ireland,IRL,2006,50.801
Ireland,IRL,2007,54.166
Ireland,IRL,2008,53.586
Ireland,IRL,2009,50.774
Ireland,IRL,2010,48.946
Ireland,IRL,2011,48.094
Ireland,IRL,2012,47.781
Ireland,IRL,2013,48.408
Ireland,IRL,2014,48.954
Ireland,IRL,2015,49.965
Ireland,IRL,2016,51.363
Ireland,IRL,2017,52.147
Ireland,IRL,2018,52.849
Ireland,IRL,2019,53.61
Ireland,IRL,2020,51.983
Ireland,IRL,2021,54.302
Ireland,IRL,2022,56.666
Isle of Man,IMN,1991,44.97
Isle of Man,IMN,1996,48.49
Isle of Man,IMN,2001,54.87
Isle of Man,IMN,2006,55.11
Isle of Man,IMN,2011,55.901
Isle of Man,IMN,2016,78.28
Israel,ISR,1974,29.8
Israel,ISR,1976,30.45
Israel,ISR,1978,33.06
Israel,ISR,1979,33.58
Israel,ISR,1980,33.56
Israel,ISR,1981,33.84
Israel,ISR,1982,33.94
Israel,ISR,1983,34.65
Israel,ISR,1984,34.92
Israel,ISR,1985,34.43
Israel,ISR,1986,35.46
Israel,ISR,1987,36.05
Israel,ISR,1988,37
Israel,ISR,1989,37.06
Israel,ISR,1990,40.174
Israel,ISR,1991,39.563
Israel,ISR,1992,40.392
Israel,ISR,1993,42.211
Israel,ISR,1994,44.709
Israel,ISR,1995,46.312
Israel,ISR,1996,46.624
Israel,ISR,1997,46.087
Israel,ISR,1998,45.868
Israel,ISR,1999,46.766
Israel,ISR,2000,47.764
Israel,ISR,2001,47.68
Israel,ISR,2002,46.874
Israel,ISR,2003,47.153
Israel,ISR,2004,47.57
Israel,ISR,2005,49.222
Israel,ISR,2006,49.744
Israel,ISR,2007,50.871
Israel,ISR,2008,51.888
Israel,ISR,2009,52.127
Israel,ISR,2010,52.946
Israel,ISR,2011,53.179
Israel,ISR,2012,55.293
Israel,ISR,2013,55.573
Israel,ISR,2014,56.689
Israel,ISR,2015,56.958
Israel,ISR,2016,57.508
Israel,ISR,2017,57.759
Israel,ISR,2018,58.532
Israel,ISR,2019,58.321
Israel,ISR,2020,57.074
Israel,ISR,2021,56.902
Israel,ISR,2022,58.957
Italy,ITA,1977,27.47
Italy,ITA,1978,27.35
Italy,ITA,1979,27.77
Italy,ITA,1980,28.3
Italy,ITA,1982,28
Italy,ITA,1983,28.181
Italy,ITA,1984,27.831
Italy,ITA,1985,28.013
Italy,ITA,1986,28.345
Italy,ITA,1987,28.48
Italy,ITA,1988,28.671
Italy,ITA,1989,29.042
Italy,ITA,1990,29.495
Italy,ITA,1991,30.337
Italy,ITA,1992,29.302
Italy,ITA,1993,28.579
Italy,ITA,1994,28.387
Italy,ITA,1995,28.144
Italy,ITA,1996,28.463
Italy,ITA,1997,28.579
Italy,ITA,1998,28.935
Italy,ITA,1999,29.621
Italy,ITA,2000,30.371
Italy,ITA,2001,31.483
Italy,ITA,2002,32.124
Italy,ITA,2003,32.869
Italy,ITA,2004,34.522
Italy,ITA,2005,34.243
Italy,ITA,2006,34.841
Italy,ITA,2007,34.967
Italy,ITA,2008,35.381
Italy,ITA,2009,34.704
Italy,ITA,2010,34.504
Italy,ITA,2011,34.734
Italy,ITA,2012,35.016
Italy,ITA,2013,34.493
Italy,ITA,2014,34.581
Italy,ITA,2015,34.724
Italy,ITA,2016,35.283
Italy,ITA,2017,35.864
Italy,ITA,2018,36.257
Italy,ITA,2019,36.679
Italy,ITA,2020,35.781
Italy,ITA,2021,35.848
Italy,ITA,2022,36.887
Jamaica,JAM,1974,40.63
Jamaica,JAM,1975,39.95
Jamaica,JAM,1976,40.02
Jamaica,JAM,1978,40.22
Jamaica,JAM,1980,38.29
Jamaica,JAM,1981,38.94
Jamaica,JAM,1982,38.3
Jamaica,JAM,1985,40.41
Jamaica,JAM,1988,47.01
Jamaica,JAM,1990,48.49
Jamaica,JAM,1994,48.58
Jamaica,JAM,1995,47.87
Jamaica,JAM,1996,46.61
Jamaica,JAM,1997,45.34
Jamaica,JAM,1998,44.84
Jamaica,JAM,1999,42.89
Jamaica,JAM,2001,42.47
Jamaica,JAM,2007,48.9
Jamaica,JAM,2008,50.583
Jamaica,JAM,2009,48.746
Jamaica,JAM,2010,47.112
Jamaica,JAM,2011,46.924
Jamaica,JAM,2012,46.697
Jamaica,JAM,2013,46.247
Jamaica,JAM,2014,46.918
Jamaica,JAM,2015,46.202
Jamaica,JAM,2016,49.683
Jamaica,JAM,2017,51.347
Jamaica,JAM,2018,52.357
Jamaica,JAM,2019,53.883
Jamaica,JAM,2020,51.256
Jamaica,JAM,2021,52.487
Japan,JPN,1960,53.62
Japan,JPN,1961,53.517
Japan,JPN,1962,52.609
Japan,JPN,1963,51.299
Japan,JPN,1964,50.449
Japan,JPN,1965,49.973
Japan,JPN,1966,50.17
Japan,JPN,1967,50.437
Japan,JPN,1968,50.076
Japan,JPN,1969,49.563
Japan,JPN,1970,49.335
Japan,JPN,1971,48.247
Japan,JPN,1972,47.123
Japan,JPN,1973,47.634
Japan,JPN,1974,45.926
Japan,JPN,1975,44.959
Japan,JPN,1976,44.991
Japan,JPN,1977,45.809
Japan,JPN,1978,46.423
Japan,JPN,1979,46.671
Japan,JPN,1980,46.657
Japan,JPN,1981,46.655
Japan,JPN,1982,46.938
Japan,JPN,1983,47.682
Japan,JPN,1984,47.502
Japan,JPN,1985,47.378
Japan,JPN,1986,47.249
Japan,JPN,1987,47.247
Japan,JPN,1988,47.598
Japan,JPN,1989,48.32
Japan,JPN,1990,49.015
Japan,JPN,1991,49.551
Japan,JPN,1992,49.593
Japan,JPN,1993,48.977
Japan,JPN,1994,48.686
Japan,JPN,1995,48.352
Japan,JPN,1996,48.325
Japan,JPN,1997,48.686
Japan,JPN,1998,48.143
Japan,JPN,1999,47.38
Japan,JPN,2000,47.058
Japan,JPN,2001,46.819
Japan,JPN,2002,46.054
Japan,JPN,2003,45.888
Japan,JPN,2004,46.116
Japan,JPN,2005,46.327
Japan,JPN,2006,46.58
Japan,JPN,2007,46.626
Japan,JPN,2008,46.554
Japan,JPN,2009,46.179
Japan,JPN,2010,46.172
Japan,JPN,2011,46.15
Japan,JPN,2012,46.14
Japan,JPN,2013,47.001
Japan,JPN,2014,47.573
Japan,JPN,2015,47.933
Japan,JPN,2016,48.836
Japan,JPN,2017,49.722
Japan,JPN,2018,51.24
Japan,JPN,2019,52.119
Japan,JPN,2020,51.778
Japan,JPN,2021,52.18
Japan,JPN,2022,52.95
Jordan,JOR,1999,9.4
Jordan,JOR,2000,9.7
Jordan,JOR,2001,9.3
Jordan,JOR,2002,9.6
Jordan,JOR,2003,8.9
Jordan,JOR,2004,8.7
Jordan,JOR,2005,8.7
Jordan,JOR,2006,8.9
Jordan,JOR,2007,11
Jordan,JOR,2008,10.8
Jordan,JOR,2009,11.3
Jordan,JOR,2010,11.5
Jordan,JOR,2011,11.6
Jordan,JOR,2012,11.3
Jordan,JOR,2013,10.3
Jordan,JOR,2014,10
Jordan,JOR,2017,12.314
Jordan,JOR,2018,11.078
Jordan,JOR,2019,10.157
Jordan,JOR,2020,10.949
Jordan,JOR,2021,10.189
Kazakhstan,KAZ,2002,57.64
Kazakhstan,KAZ,2003,58.24
Kazakhstan,KAZ,2004,58.38
Kazakhstan,KAZ,2008,61.38
Kazakhstan,KAZ,2020,60.3
Kazakhstan,KAZ,2022,94.5
Kenya,KEN,2005,50.883
Kenya,KEN,2016,69.361
Kenya,KEN,2019,59.591
Kenya,KEN,2021,58.097
Kiribati,KIR,2000,12.93
Kiribati,KIR,2005,16.65
Kiribati,KIR,2010,34.45
Kiribati,KIR,2015,31.681
Kiribati,KIR,2019,26.197
Kiribati,KIR,2020,35.612
Kosovo,OWID_KOS,2000,24.364
Kosovo,OWID_KOS,2002,8.8
Kosovo,OWID_KOS,2003,8.3
Kosovo,OWID_KOS,2004,9.9
Kosovo,OWID_KOS,2005,11.7
Kosovo,OWID_KOS,2006,11.8
Kosovo,OWID_KOS,2007,12.7
Kosovo,OWID_KOS,2008,10.5
Kosovo,OWID_KOS,2009,11.1
Kosovo,OWID_KOS,2012,9.67
Kosovo,OWID_KOS,2013,11.603
Kosovo,OWID_KOS,2014,11.121
Kosovo,OWID_KOS,2015,10.167
Kosovo,OWID_KOS,2016,11.118
Kosovo,OWID_KOS,2017,10.932
Kosovo,OWID_KOS,2018,11.454
Kosovo,OWID_KOS,2019,12.181
Kosovo,OWID_KOS,2020,12.314
Kosovo,OWID_KOS,2021,14.446
Kosovo,OWID_KOS,2022,16.289
Kuwait,KWT,1983,23.73
Kuwait,KWT,1988,33.53
Kuwait,KWT,1997,33.04
Kuwait,KWT,2003,45.63
Kuwait,KWT,2005,45.03
Kuwait,KWT,2006,53.9
Kuwait,KWT,2007,55.1
Kuwait,KWT,2009,54.06
Kuwait,KWT,2010,57.8
Kuwait,KWT,2015,54.5
Kuwait,KWT,2016,46.98
Kyrgyzstan,KGZ,2002,47.4
Kyrgyzstan,KGZ,2009,47.9
Kyrgyzstan,KGZ,2010,57.339
Kyrgyzstan,KGZ,2011,56.223
Kyrgyzstan,KGZ,2012,54.172
Kyrgyzstan,KGZ,2013,52.162
Kyrgyzstan,KGZ,2014,51.973
Kyrgyzstan,KGZ,2015,52.679
Kyrgyzstan,KGZ,2016,52.013
Kyrgyzstan,KGZ,2017,49.678
Kyrgyzstan,KGZ,2018,50.028
Kyrgyzstan,KGZ,2019,49.422
Kyrgyzstan,KGZ,2020,50.394
Kyrgyzstan,KGZ,2021,50.228
Laos,LAO,1995,69.5
Laos,LAO,2003,92.89
Laos,LAO,2005,65.4
Laos,LAO,2010,76.152
Laos,LAO,2017,54.553
Laos,LAO,2022,60.919
Latin America and Caribbean (WB),,1992,41.29803
Latin America and Caribbean (WB),,1993,42.392143
Latin America and Caribbean (WB),,1995,40.86625
Latin America and Caribbean (WB),,1996,40.15569
Latin America and Caribbean (WB),,1997,41.460003
Latin America and Caribbean (WB),,1998,42.17448
Latin America and Caribbean (WB),,1999,42.755985
Latin America and Caribbean (WB),,2001,43.86018
Latin America and Caribbean (WB),,2002,44.062683
Latin America and Caribbean (WB),,2003,44.085148
Latin America and Caribbean (WB),,2004,45.048237
Latin America and Caribbean (WB),,2005,45.85454
Latin America and Caribbean (WB),,2006,46.791405
Latin America and Caribbean (WB),,2007,46.38798
Latin America and Caribbean (WB),,2008,47.23368
Latin America and Caribbean (WB),,2009,47.227783
Latin America and Caribbean (WB),,2011,46.736008
Latin America and Caribbean (WB),,2012,47.200558
Latin America and Caribbean (WB),,2013,47.345596
Latin America and Caribbean (WB),,2014,46.96255
Latin America and Caribbean (WB),,2015,46.93817
Latin America and Caribbean (WB),,2016,46.49872
Latin America and Caribbean (WB),,2017,46.654404
Latin America and Caribbean (WB),,2018,46.929043
Latin America and Caribbean (WB),,2019,47.437267
Latin America and Caribbean (WB),,2020,42.470802
Latin America and Caribbean (WB),,2021,45.011745
Latin America and Caribbean (WB),,2022,47.465076
Latvia,LVA,1998,44.677
Latvia,LVA,1999,43.243
Latvia,LVA,2000,42.46
Latvia,LVA,2001,43.958
Latvia,LVA,2002,44.833
Latvia,LVA,2003,44.739
Latvia,LVA,2004,44.52
Latvia,LVA,2005,45.634
Latvia,LVA,2006,48.711
Latvia,LVA,2007,50.159
Latvia,LVA,2008,51.11
Latvia,LVA,2009,46.821
Latvia,LVA,2010,45.128
Latvia,LVA,2011,45.742
Latvia,LVA,2012,46.758
Latvia,LVA,2013,48.016
Latvia,LVA,2014,48.175
Latvia,LVA,2015,49.443
Latvia,LVA,2016,50.367
Latvia,LVA,2017,50.946
Latvia,LVA,2018,52.226
Latvia,LVA,2019,52.66
Latvia,LVA,2020,52.068
Latvia,LVA,2021,50.77
Latvia,LVA,2022,52.546
Lebanon,LBN,1997,18.8
Lebanon,LBN,2004,18.43
Lebanon,LBN,2007,18.98
Lebanon,LBN,2019,25.15
Lesotho,LSO,1986,27.3
Lesotho,LSO,1997,24.8
Lesotho,LSO,1999,48.31
Lesotho,LSO,2008,24.53
Lesotho,LSO,2013,41.73
Lesotho,LSO,2019,39.579
Liberia,LBR,2007,65.34
Liberia,LBR,2010,53.442
Liberia,LBR,2014,69.992
Liberia,LBR,2016,70.455
Liberia,LBR,2017,41.051
Libya,LBY,2012,25.3
Liechtenstein,LIE,2000,50.58
Liechtenstein,LIE,2001,50.31
Liechtenstein,LIE,2002,49.42
Liechtenstein,LIE,2003,49.5
Liechtenstein,LIE,2004,49.45
Liechtenstein,LIE,2005,49.35
Liechtenstein,LIE,2006,49.82
Liechtenstein,LIE,2007,50.9
Liechtenstein,LIE,2008,51.34
Liechtenstein,LIE,2009,50.89
Liechtenstein,LIE,2010,50.77
Liechtenstein,LIE,2011,52.93
Liechtenstein,LIE,2012,52.39
Liechtenstein,LIE,2013,51.9
Liechtenstein,LIE,2014,51.78
Liechtenstein,LIE,2015,52.08
Liechtenstein,LIE,2016,51.9
Liechtenstein,LIE,2017,52.1
Lithuania,LTU,1997,46.4
Lithuania,LTU,1998,47.105
Lithuania,LTU,1999,48.481
Lithuania,LTU,2000,47.492
Lithuania,LTU,2001,46.017
Lithuania,LTU,2002,45.888
Lithuania,LTU,2003,47.769
Lithuania,LTU,2004,45.779
Lithuania,LTU,2005,46.431
Lithuania,LTU,2006,47.38
Lithuania,LTU,2007,48.027
Lithuania,LTU,2008,47.672
Lithuania,LTU,2009,46.562
Lithuania,LTU,2010,44.905
Lithuania,LTU,2011,45.9
Lithuania,LTU,2012,47.042
Lithuania,LTU,2013,47.4
Lithuania,LTU,2014,48.911
Lithuania,LTU,2015,49.999
Lithuania,LTU,2016,51.948
Lithuania,LTU,2017,52.664
Lithuania,LTU,2018,53.468
Lithuania,LTU,2019,54.123
Lithuania,LTU,2020,52.934
Lithuania,LTU,2021,53.556
Lithuania,LTU,2022,55.606
Lower-middle-income countries,,2000,32.62099
Lower-middle-income countries,,2005,28.782839
Lower-middle-income countries,,2010,32.40731
Lower-middle-income countries,,2012,29.706064
Lower-middle-income countries,,2018,25.262709
Lower-middle-income countries,,2019,30.255775
Lower-middle-income countries,,2020,29.660185
Lower-middle-income countries,,2021,29.479586
Lower-middle-income countries,,2022,33.13062
Luxembourg,LUX,1983,31.338
Luxembourg,LUX,1984,31.885
Luxembourg,LUX,1985,33.417
Luxembourg,LUX,1986,33.379
Luxembourg,LUX,1987,34.276
Luxembourg,LUX,1988,33.333
Luxembourg,LUX,1989,33.704
Luxembourg,LUX,1990,32.809
Luxembourg,LUX,1991,35.119
Luxembourg,LUX,1992,37.975
Luxembourg,LUX,1993,36.386
Luxembourg,LUX,1994,36.713
Luxembourg,LUX,1995,34.292
Luxembourg,LUX,1996,35.301
Luxembourg,LUX,1997,36.752
Luxembourg,LUX,1998,36.903
Luxembourg,LUX,1999,39.364
Luxembourg,LUX,2000,40.072
Luxembourg,LUX,2001,41.466
Luxembourg,LUX,2002,41.931
Luxembourg,LUX,2003,41.601
Luxembourg,LUX,2004,42.188
Luxembourg,LUX,2005,43.65
Luxembourg,LUX,2006,46.304
Luxembourg,LUX,2007,47.999
Luxembourg,LUX,2008,45.159
Luxembourg,LUX,2009,46.837
Luxembourg,LUX,2010,47.246
Luxembourg,LUX,2011,47.107
Luxembourg,LUX,2012,48.823
Luxembourg,LUX,2013,49.14
Luxembourg,LUX,2014,50.359
Luxembourg,LUX,2015,50.553
Luxembourg,LUX,2016,49.965
Luxembourg,LUX,2017,51.943
Luxembourg,LUX,2018,52.518
Luxembourg,LUX,2019,52.736
Luxembourg,LUX,2020,53.037
Luxembourg,LUX,2021,54.872
Luxembourg,LUX,2022,55.241
Macao,MAC,1992,46.58
Macao,MAC,1993,46.86
Macao,MAC,1994,47.09
Macao,MAC,1995,47.62
Macao,MAC,1997,52.53
Macao,MAC,1998,51.82
Macao,MAC,2000,54.05
Macao,MAC,2003,51.51
Macao,MAC,2004,52.93
Macao,MAC,2005,54.56
Macao,MAC,2006,56.42
Macao,MAC,2007,59.52
Macao,MAC,2008,61.94
Macao,MAC,2009,64.51
Macao,MAC,2010,64.71
Macao,MAC,2011,66.01
Macao,MAC,2012,65.66
Macao,MAC,2013,66.57
Macao,MAC,2014,67.19
Macao,MAC,2015,66.96
Macao,MAC,2016,66.33
Madagascar,MDG,2001,74.372
Madagascar,MDG,2003,83.8
Madagascar,MDG,2005,90.77
Madagascar,MDG,2010,59.4
Madagascar,MDG,2012,90.739
Madagascar,MDG,2015,82.081
Malawi,MWI,1983,90.07
Malawi,MWI,1987,63.7
Malawi,MWI,1998,77.91
Malawi,MWI,2004,83.3
Malawi,MWI,2005,77.485
Malawi,MWI,2011,67.522
Malawi,MWI,2013,68.531
Malawi,MWI,2017,60.893
Malawi,MWI,2020,62.56
Malaysia,MYS,1982,42.44
Malaysia,MYS,1983,43.59
Malaysia,MYS,1984,42.36
Malaysia,MYS,1985,42.82
Malaysia,MYS,1986,42.63
Malaysia,MYS,1987,43.59
Malaysia,MYS,1988,43.74
Malaysia,MYS,1989,43.69
Malaysia,MYS,1990,45.17
Malaysia,MYS,1992,44.97
Malaysia,MYS,1993,44.29
Malaysia,MYS,1995,42.99
Malaysia,MYS,1996,45.54
Malaysia,MYS,1997,44.65
Malaysia,MYS,1998,42.91
Malaysia,MYS,1999,43.2
Malaysia,MYS,2000,46.11
Malaysia,MYS,2001,45.05
Malaysia,MYS,2002,44.93
Malaysia,MYS,2003,45.99
Malaysia,MYS,2004,45.44
Malaysia,MYS,2005,44.22
Malaysia,MYS,2011,46.43
Malaysia,MYS,2014,51.95
Malaysia,MYS,2015,52.27
Malaysia,MYS,2016,52.18
Malaysia,MYS,2017,52.8
Malaysia,MYS,2018,53.23
Malaysia,MYS,2019,53.72
Malaysia,MYS,2020,52.75
Malaysia,MYS,2021,52.81
Malaysia,MYS,2022,53.5
Maldives,MDV,1990,20.26
Maldives,MDV,1995,27.93
Maldives,MDV,2000,36.83
Maldives,MDV,2009,32.937
Maldives,MDV,2010,28.8
Maldives,MDV,2014,45.414
Maldives,MDV,2016,44.005
Maldives,MDV,2019,48.615
Mali,MLI,1997,23.9
Mali,MLI,2004,32.78
Mali,MLI,2006,60.8
Mali,MLI,2007,67.43
Mali,MLI,2009,4.71
Mali,MLI,2010,44.78
Mali,MLI,2013,65.33
Mali,MLI,2014,56.895
Mali,MLI,2015,56.364
Mali,MLI,2016,49.298
Mali,MLI,2017,53.684
Mali,MLI,2018,50.795
Mali,MLI,2020,49.714
Malta,MLT,2000,27.769
Malta,MLT,2001,27.172
Malta,MLT,2002,28.394
Malta,MLT,2003,27.737
Malta,MLT,2004,26.224
Malta,MLT,2005,27.751
Malta,MLT,2006,27.911
Malta,MLT,2007,29.789
Malta,MLT,2008,31.185
Malta,MLT,2009,33.955
Malta,MLT,2010,35
Malta,MLT,2011,36.407
Malta,MLT,2012,39.558
Malta,MLT,2013,42.286
Malta,MLT,2014,44.475
Malta,MLT,2015,45.151
Malta,MLT,2016,46.996
Malta,MLT,2017,49.055
Malta,MLT,2018,52.369
Malta,MLT,2019,53.983
Malta,MLT,2020,55.67
Malta,MLT,2021,58.007
Malta,MLT,2022,61.415
Marshall Islands,MHL,1980,26.47
Marshall Islands,MHL,1999,22.22
Marshall Islands,MHL,2011,27.74
Marshall Islands,MHL,2019,26.707
Marshall Islands,MHL,2021,33.059
Mauritania,MRT,1988,41.02
Mauritania,MRT,2012,24.557
Mauritania,MRT,2017,24.105
Mauritania,MRT,2019,25.359
Mauritius,MUS,1995,33.57
Mauritius,MUS,1996,33.5
Mauritius,MUS,1997,33.8
Mauritius,MUS,1998,34.9
Mauritius,MUS,1999,35.1
Mauritius,MUS,2001,32.503
Mauritius,MUS,2002,33.922
Mauritius,MUS,2003,37.854
Mauritius,MUS,2004,34.964
Mauritius,MUS,2005,34.986
Mauritius,MUS,2006,35.327
Mauritius,MUS,2007,34.907
Mauritius,MUS,2008,36.421
Mauritius,MUS,2009,36.959
Mauritius,MUS,2010,37.985
Mauritius,MUS,2011,37.83
Mauritius,MUS,2012,37.891
Mauritius,MUS,2013,39.833
Mauritius,MUS,2014,40.168
Mauritius,MUS,2015,41.246
Mauritius,MUS,2016,40.434
Mauritius,MUS,2017,40.806
Mauritius,MUS,2018,40.889
Mauritius,MUS,2019,41.487
Mauritius,MUS,2020,52.351
Mauritius,MUS,2021,36.861
Mauritius,MUS,2022,38.633
Mexico,MEX,1991,34.153
Mexico,MEX,1992,35.056
Mexico,MEX,1993,37.28
Mexico,MEX,1994,36.221
Mexico,MEX,1995,35.999
Mexico,MEX,1996,36.784
Mexico,MEX,1997,39.084
Mexico,MEX,1998,39.298
Mexico,MEX,1999,39.129
Mexico,MEX,2000,39.608
Mexico,MEX,2001,39.006
Mexico,MEX,2002,36.68
Mexico,MEX,2003,37.042
Mexico,MEX,2004,37.83
Mexico,MEX,2005,39.309
Mexico,MEX,2006,40.468
Mexico,MEX,2007,40.743
Mexico,MEX,2008,40.564
Mexico,MEX,2009,40.473
Mexico,MEX,2010,40.311
Mexico,MEX,2011,40.702
Mexico,MEX,2012,41.763
Mexico,MEX,2013,41.763
Mexico,MEX,2014,41.03
Mexico,MEX,2015,41.493
Mexico,MEX,2016,41.787
Mexico,MEX,2017,41.507
Mexico,MEX,2018,42.063
Mexico,MEX,2019,43.194
Mexico,MEX,2020,39.285
Mexico,MEX,2021,41.875
Mexico,MEX,2022,43.536
Micronesia (country),FSM,2014,39.781
Middle East and North Africa (WB),,2008,16.798683
Middle East and North Africa (WB),,2009,15.964398
Middle East and North Africa (WB),,2010,16.226334
Middle East and North Africa (WB),,2012,16.722944
Middle East and North Africa (WB),,2014,15.100104
Middle East and North Africa (WB),,2015,17.529827
Middle East and North Africa (WB),,2016,17.285683
Middle East and North Africa (WB),,2017,16.592121
Middle East and North Africa (WB),,2021,15.932826
Middle-income countries,,2000,48.05197
Moldova,MDA,2000,52.233
Moldova,MDA,2001,51.429
Moldova,MDA,2002,51.707
Moldova,MDA,2003,53.237
Moldova,MDA,2004,51.947
Moldova,MDA,2005,52.51
Moldova,MDA,2006,55.532
Moldova,MDA,2007,57.718
Moldova,MDA,2008,58.198
Moldova,MDA,2009,58.514
Moldova,MDA,2010,61.289
Moldova,MDA,2011,62.969
Moldova,MDA,2012,64.216
Moldova,MDA,2013,64.609
Moldova,MDA,2014,68.445
Moldova,MDA,2015,68.464
Moldova,MDA,2016,68.231
Moldova,MDA,2017,66.498
Moldova,MDA,2018,65.689
Moldova,MDA,2019,67.504
Moldova,MDA,2020,67.375
Moldova,MDA,2021,70.24
Moldova,MDA,2022,71.008
Monaco,MCO,2016,39.22
Mongolia,MNG,1998,51.82
Mongolia,MNG,2000,46.3
Mongolia,MNG,2002,34.71
Mongolia,MNG,2003,52.475
Mongolia,MNG,2004,55.32
Mongolia,MNG,2005,54.3
Mongolia,MNG,2006,51.693
Mongolia,MNG,2007,51.7
Mongolia,MNG,2008,51.272
Mongolia,MNG,2009,50.531
Mongolia,MNG,2010,51.058
Mongolia,MNG,2011,52.595
Mongolia,MNG,2012,53.715
Mongolia,MNG,2013,51.596
Mongolia,MNG,2014,52.097
Mongolia,MNG,2015,51.728
Mongolia,MNG,2016,49.804
Mongolia,MNG,2017,50.902
Mongolia,MNG,2018,49.636
Mongolia,MNG,2019,51.405
Mongolia,MNG,2020,50.42
Mongolia,MNG,2021,47.718
Mongolia,MNG,2022,50.621
Montenegro,MNE,2007,34.8
Montenegro,MNE,2008,36.1
Montenegro,MNE,2009,34.4
Montenegro,MNE,2010,33.436
Montenegro,MNE,2011,33.654
Montenegro,MNE,2012,34.623
Montenegro,MNE,2013,35.413
Montenegro,MNE,2014,37.795
Montenegro,MNE,2015,39.396
Montenegro,MNE,2016,39.447
Montenegro,MNE,2017,39.413
Montenegro,MNE,2018,40.823
Montenegro,MNE,2019,42.079
Montenegro,MNE,2020,37.871
Montenegro,MNE,2021,37.376
Morocco,MAR,1990,20.95
Morocco,MAR,1995,21.86
Morocco,MAR,1998,17.25
Morocco,MAR,1999,25.98
Morocco,MAR,2000,25.3
Morocco,MAR,2001,22.05
Morocco,MAR,2002,21.62
Morocco,MAR,2003,23.48
Morocco,MAR,2004,25.11
Morocco,MAR,2005,25
Morocco,MAR,2006,18.55
Morocco,MAR,2007,25.6
Morocco,MAR,2008,24.8
Morocco,MAR,2009,17.48
Morocco,MAR,2010,23.43
Morocco,MAR,2011,22.88
Morocco,MAR,2012,22.28
Morocco,MAR,2013,22.71
Morocco,MAR,2014,22.65
Morocco,MAR,2015,22.21
Morocco,MAR,2016,21.19
Morocco,MAR,2021,17.4
Morocco,MAR,2022,16.4
Mozambique,MOZ,2015,75.276
Myanmar,MMR,2015,51.14
Myanmar,MMR,2017,47.648
Myanmar,MMR,2018,48.809
Myanmar,MMR,2019,46.917
Myanmar,MMR,2020,44.661
Namibia,NAM,1991,33.5
Namibia,NAM,1994,37.96
Namibia,NAM,1997,37.1
Namibia,NAM,2000,37.4
Namibia,NAM,2001,31.6
Namibia,NAM,2004,30.64
Namibia,NAM,2008,28.4
Namibia,NAM,2010,41.899
Namibia,NAM,2012,43.063
Namibia,NAM,2013,46.531
Namibia,NAM,2014,45.555
Namibia,NAM,2016,41.725
Namibia,NAM,2018,45.115
Nauru,NRU,2013,46.072
Nauru,NRU,2021,53.816
Nepal,NPL,1996,63.7
Nepal,NPL,1999,80.51
Nepal,NPL,2003,93
Nepal,NPL,2008,78.741
Nepal,NPL,2013,74.9
Nepal,NPL,2014,76.4
Nepal,NPL,2017,24.557
Netherlands,NLD,1977,25.45
Netherlands,NLD,1979,26.41
Netherlands,NLD,1980,27.52
Netherlands,NLD,1981,28.74
Netherlands,NLD,1982,28.76
Netherlands,NLD,1983,29.34
Netherlands,NLD,1985,30.484
Netherlands,NLD,1986,29.77
Netherlands,NLD,1987,35.667
Netherlands,NLD,1988,36.514
Netherlands,NLD,1989,37.264
Netherlands,NLD,1990,39.109
Netherlands,NLD,1991,40.356
Netherlands,NLD,1992,42.512
Netherlands,NLD,1993,42.96
Netherlands,NLD,1994,43.855
Netherlands,NLD,1995,44.12
Netherlands,NLD,1996,45.291
Netherlands,NLD,1997,47.023
Netherlands,NLD,1998,48.477
Netherlands,NLD,1999,50.474
Netherlands,NLD,2000,52.268
Netherlands,NLD,2001,53.716
Netherlands,NLD,2002,54.266
Netherlands,NLD,2003,54.332
Netherlands,NLD,2004,54.06
Netherlands,NLD,2005,51.773
Netherlands,NLD,2006,52.686
Netherlands,NLD,2007,54.411
Netherlands,NLD,2008,55.726
Netherlands,NLD,2009,55.902
Netherlands,NLD,2010,55.45
Netherlands,NLD,2011,55.578
Netherlands,NLD,2012,55.598
Netherlands,NLD,2013,54.913
Netherlands,NLD,2014,53.926
Netherlands,NLD,2015,54.521
Netherlands,NLD,2016,54.859
Netherlands,NLD,2017,55.707
Netherlands,NLD,2018,56.762
Netherlands,NLD,2019,57.803
Netherlands,NLD,2020,57.51
Netherlands,NLD,2021,59.95
Netherlands,NLD,2022,61.153
New Caledonia,NCL,1996,32.61
New Caledonia,NCL,2004,40.78
New Caledonia,NCL,2009,51.25
New Caledonia,NCL,2014,49.72
New Caledonia,NCL,2017,47.232
New Caledonia,NCL,2018,46.17
New Caledonia,NCL,2019,47.192
New Caledonia,NCL,2020,46.494
New Zealand,NZL,1986,51.956
New Zealand,NZL,1987,52.413
New Zealand,NZL,1988,51.112
New Zealand,NZL,1989,49.215
New Zealand,NZL,1990,49.937
New Zealand,NZL,1991,49.004
New Zealand,NZL,1992,48.767
New Zealand,NZL,1993,49.087
New Zealand,NZL,1994,50.752
New Zealand,NZL,1995,52.21
New Zealand,NZL,1996,53.603
New Zealand,NZL,1997,53.165
New Zealand,NZL,1998,52.641
New Zealand,NZL,1999,53.442
New Zealand,NZL,2000,53.966
New Zealand,NZL,2001,55.109
New Zealand,NZL,2002,55.758
New Zealand,NZL,2003,56.265
New Zealand,NZL,2004,57.081
New Zealand,NZL,2005,58.262
New Zealand,NZL,2006,58.717
New Zealand,NZL,2007,59.301
New Zealand,NZL,2008,59.42
New Zealand,NZL,2009,58.306
New Zealand,NZL,2010,57.686
New Zealand,NZL,2011,58.26
New Zealand,NZL,2012,57.969
New Zealand,NZL,2013,58.453
New Zealand,NZL,2014,59.503
New Zealand,NZL,2015,59.669
New Zealand,NZL,2016,61.061
New Zealand,NZL,2017,62.081
New Zealand,NZL,2018,62.784
New Zealand,NZL,2019,62.895
New Zealand,NZL,2020,61.927
New Zealand,NZL,2021,63.548
New Zealand,NZL,2022,64.528
Nicaragua,NIC,2001,42.8
Nicaragua,NIC,2002,41.5
Nicaragua,NIC,2003,43.19
Nicaragua,NIC,2004,42.27
Nicaragua,NIC,2005,43.88
Nicaragua,NIC,2006,42.34
Nicaragua,NIC,2007,41.05
Nicaragua,NIC,2012,62.854
Nicaragua,NIC,2013,61.23
Nicaragua,NIC,2014,45.352
Niger,NER,2001,43.89
Niger,NER,2005,29.29
Niger,NER,2011,69.04
Niger,NER,2012,19.504
Niger,NER,2014,62.698
Niger,NER,2017,13.89
Niger,NER,2019,61.28
Nigeria,NGA,1983,35.22
Nigeria,NGA,1986,33.48
Nigeria,NGA,2003,47.4
Nigeria,NGA,2011,54.798
Nigeria,NGA,2013,54.524
Nigeria,NGA,2019,45.634
Nigeria,NGA,2022,72.934
North America (WB),,1960,35.5
North America (WB),,1961,35.4
North America (WB),,1962,35.6
North America (WB),,1963,35.8
North America (WB),,1964,36.3
North America (WB),,1965,37.1
North America (WB),,1966,38.3
North America (WB),,1967,39
North America (WB),,1968,39.6
North America (WB),,1969,40.7
North America (WB),,1970,40.8
North America (WB),,1971,40.4
North America (WB),,1972,41
North America (WB),,1973,42
North America (WB),,1974,42.6
North America (WB),,1975,42
North America (WB),,1976,43.082733
North America (WB),,1977,44.290146
North America (WB),,1978,46.114082
North America (WB),,1979,47.27235
North America (WB),,1980,47.575363
North America (WB),,1981,47.973667
North America (WB),,1982,47.58777
North America (WB),,1983,47.889027
North America (WB),,1984,49.325882
North America (WB),,1985,50.276775
North America (WB),,1986,51.292072
North America (WB),,1987,52.379616
North America (WB),,1988,53.3332
North America (WB),,1989,54.23032
North America (WB),,1990,54.246906
North America (WB),,1991,53.607315
North America (WB),,1992,53.614925
North America (WB),,1993,53.841515
North America (WB),,1994,54.958416
North America (WB),,1995,55.35396
North America (WB),,1996,55.700706
North America (WB),,1997,56.437344
North America (WB),,1998,56.74608
North America (WB),,1999,57.149197
North America (WB),,2000,57.28116
North America (WB),,2001,56.87004
North America (WB),,2002,56.304314
North America (WB),,2003,56.26734
North America (WB),,2004,56.14804
North America (WB),,2005,56.379932
North America (WB),,2006,56.76038
North America (WB),,2007,56.85179
North America (WB),,2008,56.511333
North America (WB),,2009,54.780415
North America (WB),,2010,54.003136
North America (WB),,2011,53.64712
North America (WB),,2012,53.619873
North America (WB),,2013,53.67077
North America (WB),,2014,53.950523
North America (WB),,2015,54.13856
North America (WB),,2016,54.436066
North America (WB),,2017,54.922092
North America (WB),,2018,55.21646
North America (WB),,2019,55.6826
North America (WB),,2020,51.7851
North America (WB),,2021,53.525497
North America (WB),,2022,55.11828
North Macedonia,MKD,1996,30.7
North Macedonia,MKD,1997,27.9
North Macedonia,MKD,1998,29.8
North Macedonia,MKD,2001,30.94
North Macedonia,MKD,2002,28.07
North Macedonia,MKD,2003,27.65
North Macedonia,MKD,2005,26.479
North Macedonia,MKD,2006,26.043
North Macedonia,MKD,2007,27.465
North Macedonia,MKD,2008,27.917
North Macedonia,MKD,2009,28.582
North Macedonia,MKD,2010,27.34
North Macedonia,MKD,2011,30.001
North Macedonia,MKD,2012,29.719
North Macedonia,MKD,2013,31.257
North Macedonia,MKD,2014,31.019
North Macedonia,MKD,2015,32.367
North Macedonia,MKD,2016,32.556
North Macedonia,MKD,2017,33.132
North Macedonia,MKD,2018,33.67
North Macedonia,MKD,2019,36.337
North Macedonia,MKD,2020,36.624
North Macedonia,MKD,2021,36.573
North Macedonia,MKD,2022,36.929
Northern Mariana Islands,MNP,1985,40.42
Northern Mariana Islands,MNP,2003,77.84
Northern Mariana Islands,MNP,2010,57.88
Norway,NOR,1980,53.97
Norway,NOR,1981,54.87
Norway,NOR,1982,54.76
Norway,NOR,1983,55.44
Norway,NOR,1984,56.26
Norway,NOR,1985,57.65
Norway,NOR,1986,60.71
Norway,NOR,1987,62.12
Norway,NOR,1988,61.58
Norway,NOR,1989,59.48
Norway,NOR,1990,59.389
Norway,NOR,1991,59.223
Norway,NOR,1992,59.07
Norway,NOR,1993,59.035
Norway,NOR,1994,59.744
Norway,NOR,1995,60.452
Norway,NOR,1996,62.577
Norway,NOR,1997,64.349
Norway,NOR,1998,66.393
Norway,NOR,1999,66.999
Norway,NOR,2000,66.947
Norway,NOR,2001,66.985
Norway,NOR,2002,67.59
Norway,NOR,2003,66.375
Norway,NOR,2004,66.376
Norway,NOR,2005,65.645
Norway,NOR,2006,65.976
Norway,NOR,2007,67.708
Norway,NOR,2008,68.933
Norway,NOR,2009,67.923
Norway,NOR,2010,66.62
Norway,NOR,2011,66.576
Norway,NOR,2012,66.643
Norway,NOR,2013,66.12
Norway,NOR,2014,60.785
Norway,NOR,2015,59.758
Norway,NOR,2016,59.632
Norway,NOR,2017,59.175
Norway,NOR,2018,59.573
Norway,NOR,2019,60.012
Norway,NOR,2020,59.441
Norway,NOR,2021,57.765
Norway,NOR,2022,60.608
Oman,OMN,2000,7.62
Oman,OMN,2008,22.86
Oman,OMN,2010,23.84
Oman,OMN,2016,25.679
Oman,OMN,2017,33.49
Oman,OMN,2018,33.03
Oman,OMN,2019,33.38
Oman,OMN,2020,34.98
Oman,OMN,2021,28.9
Pakistan,PAK,1985,10.16
Pakistan,PAK,1986,10.99
Pakistan,PAK,1988,12.42
Pakistan,PAK,1989,10.1
Pakistan,PAK,1990,12.01
Pakistan,PAK,1991,12.3
Pakistan,PAK,1992,14.13
Pakistan,PAK,1993,13.65
Pakistan,PAK,1994,13.87
Pakistan,PAK,1995,12.06
Pakistan,PAK,1997,14.05
Pakistan,PAK,1998,14.51
Pakistan,PAK,2000,13.97
Pakistan,PAK,2002,14.72
Pakistan,PAK,2004,16.95
Pakistan,PAK,2005,15.678
Pakistan,PAK,2006,19.023
Pakistan,PAK,2007,19.423
Pakistan,PAK,2008,19.87
Pakistan,PAK,2009,20.973
Pakistan,PAK,2010,21.929
Pakistan,PAK,2011,22.232
Pakistan,PAK,2012,20.169
Pakistan,PAK,2013,22.101
Pakistan,PAK,2014,22.753
Pakistan,PAK,2015,22.742
Pakistan,PAK,2016,21.955
Pakistan,PAK,2018,20.865
Pakistan,PAK,2019,22.053
Pakistan,PAK,2021,22.284
Palau,PLW,2000,47.247
Palau,PLW,2005,55.29
Palau,PLW,2014,54.586
Palau,PLW,2020,58.596
Palestine,PSE,2000,11.308
Palestine,PSE,2001,8.94
Palestine,PSE,2002,8.676
Palestine,PSE,2003,10.48
Palestine,PSE,2004,10.812
Palestine,PSE,2005,10.495
Palestine,PSE,2006,11.57
Palestine,PSE,2007,12.694
Palestine,PSE,2008,11.68
Palestine,PSE,2009,11.49
Palestine,PSE,2010,10.845
Palestine,PSE,2011,11.939
Palestine,PSE,2012,11.778
Palestine,PSE,2013,11.303
Palestine,PSE,2014,12.028
Palestine,PSE,2015,11.622
Palestine,PSE,2016,10.623
Palestine,PSE,2017,9.915
Palestine,PSE,2018,10.075
Palestine,PSE,2019,10.612
Palestine,PSE,2020,9.659
Palestine,PSE,2021,9.834
Palestine,PSE,2022,11.081
Panama,PAN,1979,30.17
Panama,PAN,1983,28.66
Panama,PAN,1984,29.25
Panama,PAN,1985,30.51
Panama,PAN,1986,29.7
Panama,PAN,1988,28.23
Panama,PAN,1989,29.72
Panama,PAN,1991,29.6
Panama,PAN,1992,31.3
Panama,PAN,1993,32.42
Panama,PAN,1994,32.99
Panama,PAN,1995,33.98
Panama,PAN,1997,35.31
Panama,PAN,1998,35.66
Panama,PAN,1999,35.9
Panama,PAN,2000,34.1
Panama,PAN,2001,34
Panama,PAN,2002,37.06
Panama,PAN,2003,37.64
Panama,PAN,2004,38.79
Panama,PAN,2005,40.66
Panama,PAN,2006,39.99
Panama,PAN,2007,41.9
Panama,PAN,2008,43.6
Panama,PAN,2009,43.99
Panama,PAN,2010,43.496
Panama,PAN,2011,43.532
Panama,PAN,2012,45.654
Panama,PAN,2013,46.797
Panama,PAN,2014,46.826
Panama,PAN,2015,47.611
Panama,PAN,2016,47.656
Panama,PAN,2017,47.212
Panama,PAN,2018,48.823
Panama,PAN,2019,50.183
Panama,PAN,2020,40.063
Panama,PAN,2021,41.749
Panama,PAN,2022,44.826
Papua New Guinea,PNG,2010,47.072
Paraguay,PRY,1993,51.42
Paraguay,PRY,1994,52.33
Paraguay,PRY,1996,46.6
Paraguay,PRY,1998,45.678
Paraguay,PRY,1999,44.868
Paraguay,PRY,2001,48.785
Paraguay,PRY,2002,45.764
Paraguay,PRY,2003,47.428
Paraguay,PRY,2004,52.258
Paraguay,PRY,2005,52.271
Paraguay,PRY,2006,47.84
Paraguay,PRY,2007,50.694
Paraguay,PRY,2008,50.659
Paraguay,PRY,2009,51.522
Paraguay,PRY,2010,49.824
Paraguay,PRY,2011,51.206
Paraguay,PRY,2012,56.654
Paraguay,PRY,2013,55.026
Paraguay,PRY,2014,50.976
Paraguay,PRY,2015,52.407
Paraguay,PRY,2016,52.737
Paraguay,PRY,2017,53.394
Paraguay,PRY,2018,54.991
Paraguay,PRY,2019,55.35
Paraguay,PRY,2020,51.571
Paraguay,PRY,2021,54.233
Paraguay,PRY,2022,54.196
Peru,PER,1990,42.3
Peru,PER,1991,40.5
Peru,PER,1992,38.3
Peru,PER,1993,40.6
Peru,PER,1994,41.1
Peru,PER,1995,45.7
Peru,PER,1997,50.51
Peru,PER,1998,60.132
Peru,PER,1999,60.958
Peru,PER,2000,60.967
Peru,PER,2001,58.475
Peru,PER,2002,65.007
Peru,PER,2003,59.301
Peru,PER,2004,63.424
Peru,PER,2005,61.056
Peru,PER,2006,64.248
Peru,PER,2007,66.881
Peru,PER,2008,67.017
Peru,PER,2009,67.574
Peru,PER,2010,69.004
Peru,PER,2011,68.464
Peru,PER,2012,68.224
Peru,PER,2013,67.371
Peru,PER,2014,66.88
Peru,PER,2015,65.329
Peru,PER,2016,64.973
Peru,PER,2017,66.632
Peru,PER,2018,67.097
Peru,PER,2019,67.377
Peru,PER,2020,55.628
Peru,PER,2021,61.173
Peru,PER,2022,63.23
Philippines,PHL,1975,22.04
Philippines,PHL,1976,20.97
Philippines,PHL,1978,43.66
Philippines,PHL,1983,45.85
Philippines,PHL,1985,44.05
Philippines,PHL,1987,43.03
Philippines,PHL,1988,43.38
Philippines,PHL,1989,42.48
Philippines,PHL,1990,42.85
Philippines,PHL,2001,45.7
Philippines,PHL,2002,46.19
Philippines,PHL,2003,45.128
Philippines,PHL,2004,44.785
Philippines,PHL,2005,45.347
Philippines,PHL,2006,45.427
Philippines,PHL,2007,45.719
Philippines,PHL,2008,45.065
Philippines,PHL,2009,45.775
Philippines,PHL,2010,46.185
Philippines,PHL,2011,46.959
Philippines,PHL,2012,46.555
Philippines,PHL,2013,46.402
Philippines,PHL,2014,47.208
Philippines,PHL,2015,47.008
Philippines,PHL,2016,46.702
Philippines,PHL,2017,43.703
Philippines,PHL,2018,44.178
Philippines,PHL,2019,45.242
Philippines,PHL,2020,41.378
Philippines,PHL,2021,42.368
Philippines,PHL,2022,48.803
Poland,POL,1992,53.125
Poland,POL,1993,52.134
Poland,POL,1994,51.874
Poland,POL,1995,51.778
Poland,POL,1996,51.823
Poland,POL,1997,43.491
Poland,POL,1998,43.867
Poland,POL,1999,42.904
Poland,POL,2000,40.928
Poland,POL,2001,40.243
Poland,POL,2002,38.88
Poland,POL,2003,38.437
Poland,POL,2004,38.009
Poland,POL,2005,38.557
Poland,POL,2006,39.646
Poland,POL,2007,41.482
Poland,POL,2008,42.905
Poland,POL,2009,43.177
Poland,POL,2010,42.816
Poland,POL,2011,42.786
Poland,POL,2012,42.89
Poland,POL,2013,42.808
Poland,POL,2014,43.846
Poland,POL,2015,44.698
Poland,POL,2016,45.328
Poland,POL,2017,46.055
Poland,POL,2018,46.6
Poland,POL,2019,46.424
Poland,POL,2020,46.323
Poland,POL,2021,47.846
Poland,POL,2022,48.615
Portugal,PRT,1978,39.34
Portugal,PRT,1979,40.83
Portugal,PRT,1980,40.49
Portugal,PRT,1981,41.84
Portugal,PRT,1982,41.56
Portugal,PRT,1984,44.09
Portugal,PRT,1985,41.45
Portugal,PRT,1986,40.229
Portugal,PRT,1987,41.852
Portugal,PRT,1988,42.711
Portugal,PRT,1989,43.698
Portugal,PRT,1990,44.442
Portugal,PRT,1991,47.09
Portugal,PRT,1992,47.104
Portugal,PRT,1993,46.382
Portugal,PRT,1994,45.722
Portugal,PRT,1995,45.622
Portugal,PRT,1996,45.175
Portugal,PRT,1997,45.732
Portugal,PRT,1998,48.943
Portugal,PRT,1999,49.651
Portugal,PRT,2000,50.22
Portugal,PRT,2001,50.803
Portugal,PRT,2002,51.197
Portugal,PRT,2003,50.799
Portugal,PRT,2004,50.392
Portugal,PRT,2005,50.519
Portugal,PRT,2006,50.593
Portugal,PRT,2007,50.643
Portugal,PRT,2008,50.939
Portugal,PRT,2009,50.033
Portugal,PRT,2010,49.238
Portugal,PRT,2011,47.492
Portugal,PRT,2012,46.208
Portugal,PRT,2013,45.276
Portugal,PRT,2014,46.105
Portugal,PRT,2015,46.895
Portugal,PRT,2016,47.528
Portugal,PRT,2017,49.011
Portugal,PRT,2018,50.425
Portugal,PRT,2019,50.865
Portugal,PRT,2020,49.828
Portugal,PRT,2021,50.106
Portugal,PRT,2022,51.156
Puerto Rico,PRI,1976,22.77
Puerto Rico,PRI,1977,22.42
Puerto Rico,PRI,1978,22.08
Puerto Rico,PRI,1979,22.07
Puerto Rico,PRI,1981,21.6
Puerto Rico,PRI,1982,20.18
Puerto Rico,PRI,1983,22.91
Puerto Rico,PRI,1984,23.91
Puerto Rico,PRI,1985,23.94
Puerto Rico,PRI,1986,26.22
Puerto Rico,PRI,1987,27.75
Puerto Rico,PRI,1988,29.77
Puerto Rico,PRI,1990,29.64
Puerto Rico,PRI,1991,29.8
Puerto Rico,PRI,1992,29.09
Puerto Rico,PRI,1993,29.72
Puerto Rico,PRI,1995,30.59
Puerto Rico,PRI,1996,31.57
Puerto Rico,PRI,1997,31.63
Puerto Rico,PRI,1998,31.44
Puerto Rico,PRI,1999,31.4
Puerto Rico,PRI,2000,32.03
Puerto Rico,PRI,2002,31.49
Puerto Rico,PRI,2003,32.33
Puerto Rico,PRI,2004,32.45
Puerto Rico,PRI,2005,34.05
Puerto Rico,PRI,2006,34.19
Puerto Rico,PRI,2007,33.79
Puerto Rico,PRI,2008,32.86
Puerto Rico,PRI,2010,29.8
Puerto Rico,PRI,2011,29
Puerto Rico,PRI,2012,29.5
Puerto Rico,PRI,2015,28.86
Qatar,QAT,1997,33.63
Qatar,QAT,2004,39.02
Qatar,QAT,2007,48.04
Qatar,QAT,2009,48.19
Qatar,QAT,2010,50.8
Qatar,QAT,2011,50.39
Qatar,QAT,2012,50.92
Qatar,QAT,2013,52.31
Qatar,QAT,2014,54.32
Qatar,QAT,2015,59.67
Qatar,QAT,2016,60.46
Qatar,QAT,2017,57.63
Qatar,QAT,2018,57.63
Qatar,QAT,2019,57.38
Qatar,QAT,2020,56.61
Qatar,QAT,2021,59.33
Romania,ROU,1995,55.4
Romania,ROU,1997,56.17
Romania,ROU,1998,55.39
Romania,ROU,1999,55.428
Romania,ROU,2000,54.488
Romania,ROU,2001,53.654
Romania,ROU,2002,47.388
Romania,ROU,2003,45.939
Romania,ROU,2004,45.714
Romania,ROU,2005,43.855
Romania,ROU,2006,44.913
Romania,ROU,2007,44.891
Romania,ROU,2008,44.62
Romania,ROU,2009,43.91
Romania,ROU,2010,43.333
Romania,ROU,2011,43.107
Romania,ROU,2012,43.429
Romania,ROU,2013,43.078
Romania,ROU,2014,43.344
Romania,ROU,2015,42.578
Romania,ROU,2016,42.221
Romania,ROU,2017,44.035
Romania,ROU,2018,44.04
Romania,ROU,2019,44.023
Romania,ROU,2020,43.205
Romania,ROU,2021,38.954
Romania,ROU,2022,40.159
Russia,RUS,1992,60.758
Russia,RUS,1993,57.978
Russia,RUS,1994,54.362
Russia,RUS,1995,52.941
Russia,RUS,1996,51.914
Russia,RUS,1997,49.524
Russia,RUS,1998,47.923
Russia,RUS,1999,52.013
Russia,RUS,2000,53.806
Russia,RUS,2001,53.853
Russia,RUS,2002,55.506
Russia,RUS,2003,55.267
Russia,RUS,2004,56.256
Russia,RUS,2005,57.201
Russia,RUS,2006,57.813
Russia,RUS,2007,58.89
Russia,RUS,2008,58.531
Russia,RUS,2009,57.742
Russia,RUS,2010,58.009
Russia,RUS,2011,59.172
Russia,RUS,2012,60.061
Russia,RUS,2013,59.784
Russia,RUS,2014,60.289
Russia,RUS,2015,60.08
Russia,RUS,2016,60.418
Russia,RUS,2017,52.842
Russia,RUS,2018,53.189
Russia,RUS,2019,52.911
Russia,RUS,2020,52.067
Russia,RUS,2021,52.768
Russia,RUS,2022,53.334
Rwanda,RWA,1989,88.5
Rwanda,RWA,1996,92.84
Rwanda,RWA,2002,76.83
Rwanda,RWA,2014,82.679
Rwanda,RWA,2017,47.879
Rwanda,RWA,2018,48.092
Rwanda,RWA,2019,45.677
Rwanda,RWA,2020,49.407
Rwanda,RWA,2021,43.42
Rwanda,RWA,2022,45.671
Saint Kitts and Nevis,KNA,1980,39.99
Saint Kitts and Nevis,KNA,1991,54.33
Saint Kitts and Nevis,KNA,2001,61.67
Saint Lucia,LCA,1993,47.8
Saint Lucia,LCA,2000,65.8
Saint Lucia,LCA,2003,44.94
Saint Lucia,LCA,2004,46.3
Saint Lucia,LCA,2005,46.9
Saint Lucia,LCA,2006,48.2
Saint Lucia,LCA,2007,48.3
Saint Lucia,LCA,2008,44.68
Saint Lucia,LCA,2009,48.08
Saint Lucia,LCA,2011,49.31
Saint Lucia,LCA,2012,50.88
Saint Lucia,LCA,2013,48.24
Saint Lucia,LCA,2017,50.265
Saint Lucia,LCA,2018,50.323
Saint Lucia,LCA,2019,53.205
Saint Lucia,LCA,2020,35.862
Saint Lucia,LCA,2021,46.705
Saint Lucia,LCA,2022,51.478
Samoa,WSM,1976,38.7
Samoa,WSM,2001,30.29
Samoa,WSM,2006,32.84
Samoa,WSM,2008,34.4
Samoa,WSM,2012,21.884
Samoa,WSM,2014,21.89
Samoa,WSM,2017,35.132
San Marino,SMR,1985,43.67
San Marino,SMR,1986,44.83
San Marino,SMR,1987,45.65
San Marino,SMR,1988,46.41
San Marino,SMR,1989,46.51
San Marino,SMR,1990,46.94
San Marino,SMR,1991,48.78
San Marino,SMR,1992,49.78
San Marino,SMR,1993,50.3
San Marino,SMR,1995,51.68
San Marino,SMR,1996,51.65
San Marino,SMR,1997,52.83
San Marino,SMR,1998,53.4
San Marino,SMR,2015,77.28
San Marino,SMR,2016,76.44
San Marino,SMR,2018,62.84
San Marino,SMR,2019,63.69
San Marino,SMR,2020,62.55
San Marino,SMR,2021,64.49
San Marino,SMR,2022,65.51
Sao Tome and Principe,STP,1991,35.21
Sao Tome and Principe,STP,2000,27.5
Sao Tome and Principe,STP,2006,21.71
Saudi Arabia,SAU,1992,13.8
Saudi Arabia,SAU,1999,15.5
Saudi Arabia,SAU,2000,14.4
Saudi Arabia,SAU,2001,14.1
Saudi Arabia,SAU,2002,13.7
Saudi Arabia,SAU,2006,15.8
Saudi Arabia,SAU,2007,15.57
Saudi Arabia,SAU,2008,15.343
Saudi Arabia,SAU,2009,14.617
Saudi Arabia,SAU,2012,15.958
Saudi Arabia,SAU,2013,15.767
Saudi Arabia,SAU,2014,15.925
Saudi Arabia,SAU,2015,16.8
Saudi Arabia,SAU,2017,15.814
Saudi Arabia,SAU,2018,17.411
Saudi Arabia,SAU,2019,19.396
Saudi Arabia,SAU,2020,22.791
Saudi Arabia,SAU,2021,28.585
Saudi Arabia,SAU,2022,29.166
Senegal,SEN,1991,49.7
Senegal,SEN,2006,29.31
Senegal,SEN,2011,42.429
Senegal,SEN,2015,31.983
Senegal,SEN,2016,37.473
Senegal,SEN,2017,34.887
Senegal,SEN,2018,36.331
Senegal,SEN,2019,36.334
Serbia,SRB,2005,32.91
Serbia,SRB,2006,32.02
Serbia,SRB,2007,33.81
Serbia,SRB,2008,36.457
Serbia,SRB,2009,33.976
Serbia,SRB,2010,31.132
Serbia,SRB,2011,28.988
Serbia,SRB,2012,28.728
Serbia,SRB,2013,30.803
Serbia,SRB,2014,34.896
Serbia,SRB,2015,35.31
Serbia,SRB,2016,38.128
Serbia,SRB,2017,39.684
Serbia,SRB,2018,40.293
Serbia,SRB,2019,41.88
Serbia,SRB,2020,42.132
Serbia,SRB,2021,44.279
Serbia,SRB,2022,46.392
Seychelles,SYC,2011,59.14
Seychelles,SYC,2014,64.245
Seychelles,SYC,2015,64.01
Seychelles,SYC,2016,63.412
Seychelles,SYC,2017,64.371
Seychelles,SYC,2018,64.296
Seychelles,SYC,2019,61.62
Seychelles,SYC,2020,62.004
Sierra Leone,SLE,2003,62.3
Sierra Leone,SLE,2004,67.51
Sierra Leone,SLE,2014,54.157
Sierra Leone,SLE,2018,50.452
Singapore,SGP,1975,32.96
Singapore,SGP,1976,34.65
Singapore,SGP,1977,36.23
Singapore,SGP,1978,38.48
Singapore,SGP,1979,40.18
Singapore,SGP,1980,42.8
Singapore,SGP,1982,47.02
Singapore,SGP,1983,47.39
Singapore,SGP,1984,48.14
Singapore,SGP,1985,46.02
Singapore,SGP,1986,45.55
Singapore,SGP,1987,47.85
Singapore,SGP,1988,50.05
Singapore,SGP,1989,51.88
Singapore,SGP,1991,37.09
Singapore,SGP,1992,41.28
Singapore,SGP,1993,40.06
Singapore,SGP,1994,40.41
Singapore,SGP,1995,38.76
Singapore,SGP,1996,39.65
Singapore,SGP,1997,39.03
Singapore,SGP,1998,37.66
Singapore,SGP,1999,48.1
Singapore,SGP,2000,46.89
Singapore,SGP,2001,49.6
Singapore,SGP,2002,47.7
Singapore,SGP,2003,47.7
Singapore,SGP,2004,48.1
Singapore,SGP,2006,51.58
Singapore,SGP,2007,50.76
Singapore,SGP,2008,53.16
Singapore,SGP,2009,51.57
Singapore,SGP,2010,53.97
Singapore,SGP,2011,54.51
Singapore,SGP,2012,55.27
Singapore,SGP,2013,55.55
Singapore,SGP,2014,56.23
Singapore,SGP,2015,58.04
Singapore,SGP,2016,57.68
Singapore,SGP,2017,57.21
Singapore,SGP,2018,57.76
Singapore,SGP,2019,58.32
Singapore,SGP,2020,57.73
Singapore,SGP,2021,60.963
Singapore,SGP,2022,60.948
Slovakia,SVK,1994,44.115
Slovakia,SVK,1995,44.395
Slovakia,SVK,1996,45.654
Slovakia,SVK,1997,45.122
Slovakia,SVK,1998,44.69
Slovakia,SVK,1999,43.397
Slovakia,SVK,2000,42.838
Slovakia,SVK,2001,43.073
Slovakia,SVK,2002,42.734
Slovakia,SVK,2003,43.502
Slovakia,SVK,2004,42.462
Slovakia,SVK,2005,42.464
Slovakia,SVK,2006,43.243
Slovakia,SVK,2007,44.191
Slovakia,SVK,2008,45.437
Slovakia,SVK,2009,43.86
Slovakia,SVK,2010,43.407
Slovakia,SVK,2011,43.309
Slovakia,SVK,2012,43.321
Slovakia,SVK,2013,43.63
Slovakia,SVK,2014,45.203
Slovakia,SVK,2015,45.273
Slovakia,SVK,2016,46.907
Slovakia,SVK,2017,48.265
Slovakia,SVK,2018,48.637
Slovakia,SVK,2019,49.183
Slovakia,SVK,2020,48.231
Slovakia,SVK,2021,51.151
Slovakia,SVK,2022,52.589
Slovenia,SVN,1993,46.91
Slovenia,SVN,1994,47.04
Slovenia,SVN,1995,48.46
Slovenia,SVN,1996,49.791
Slovenia,SVN,1997,50.626
Slovenia,SVN,1998,50.92
Slovenia,SVN,1999,49.275
Slovenia,SVN,2000,49.617
Slovenia,SVN,2001,49.867
Slovenia,SVN,2002,50.738
Slovenia,SVN,2003,48.806
Slovenia,SVN,2004,51.538
Slovenia,SVN,2005,51.272
Slovenia,SVN,2006,51.815
Slovenia,SVN,2007,52.77
Slovenia,SVN,2008,53.745
Slovenia,SVN,2009,53.441
Slovenia,SVN,2010,52.277
Slovenia,SVN,2011,51.06
Slovenia,SVN,2012,50.476
Slovenia,SVN,2013,49.186
Slovenia,SVN,2014,50.049
Slovenia,SVN,2015,50.089
Slovenia,SVN,2016,51.209
Slovenia,SVN,2017,53.619
Slovenia,SVN,2018,54.85
Slovenia,SVN,2019,54.889
Slovenia,SVN,2020,53.981
Slovenia,SVN,2021,54.731
Slovenia,SVN,2022,55.612
Solomon Islands,SLB,1999,15.108
Solomon Islands,SLB,2005,65.474
Solomon Islands,SLB,2009,60.98
Solomon Islands,SLB,2013,83.297
Somalia,SOM,2019,16.273
South Africa,ZAF,1994,29.7
South Africa,ZAF,1995,30.1
South Africa,ZAF,1996,27.3
South Africa,ZAF,1997,22.4
South Africa,ZAF,1998,25.7
South Africa,ZAF,1999,29.8
South Africa,ZAF,2000,27.416
South Africa,ZAF,2001,38.14
South Africa,ZAF,2002,36.072
South Africa,ZAF,2003,34.776
South Africa,ZAF,2004,34.449
South Africa,ZAF,2005,36.162
South Africa,ZAF,2006,37.792
South Africa,ZAF,2007,37.377
South Africa,ZAF,2008,41.02
South Africa,ZAF,2009,40.11
South Africa,ZAF,2010,35.205
South Africa,ZAF,2011,38.17
South Africa,ZAF,2012,37.691
South Africa,ZAF,2013,38.038
South Africa,ZAF,2014,37.426
South Africa,ZAF,2015,38.267
South Africa,ZAF,2016,37.737
South Africa,ZAF,2017,38.767
South Africa,ZAF,2018,38.217
South Africa,ZAF,2019,37.874
South Africa,ZAF,2020,36.171
South Africa,ZAF,2021,34.55
South Africa,ZAF,2022,35.302
South Asia (WB),,1994,25.0738
South Asia (WB),,2000,30.613796
South Asia (WB),,2005,26.250332
South Asia (WB),,2010,27.819323
South Asia (WB),,2012,25.437609
South Asia (WB),,2018,19.553308
South Asia (WB),,2019,22.68104
South Asia (WB),,2020,24.276155
South Asia (WB),,2021,25.123285
South Asia (WB),,2022,26.464231
South Korea,KOR,1980,41.251
South Korea,KOR,1981,41.264
South Korea,KOR,1982,42.311
South Korea,KOR,1983,41.865
South Korea,KOR,1984,39.772
South Korea,KOR,1985,40.927
South Korea,KOR,1986,42.201
South Korea,KOR,1987,44.129
South Korea,KOR,1988,44.229
South Korea,KOR,1989,45.702
South Korea,KOR,1990,46.143
South Korea,KOR,1991,46.188
South Korea,KOR,1992,46.11
South Korea,KOR,1993,46.019
South Korea,KOR,1994,46.9
South Korea,KOR,1995,47.561
South Korea,KOR,1996,48.091
South Korea,KOR,1997,48.597
South Korea,KOR,1998,44.387
South Korea,KOR,1999,45.189
South Korea,KOR,2000,47.784
South Korea,KOR,2001,48.511
South Korea,KOR,2002,49.171
South Korea,KOR,2003,48.011
South Korea,KOR,2004,49.174
South Korea,KOR,2005,49.242
South Korea,KOR,2006,49.659
South Korea,KOR,2007,49.725
South Korea,KOR,2008,49.432
South Korea,KOR,2009,48.491
South Korea,KOR,2010,48.62
South Korea,KOR,2011,48.899
South Korea,KOR,2012,49.163
South Korea,KOR,2013,49.521
South Korea,KOR,2014,50.409
South Korea,KOR,2015,50.617
South Korea,KOR,2016,50.791
South Korea,KOR,2017,51.307
South Korea,KOR,2018,51.305
South Korea,KOR,2019,51.922
South Korea,KOR,2020,51.061
South Korea,KOR,2021,51.692
South Korea,KOR,2022,53.372
South Sudan,SSD,2008,62.11
Spain,ESP,1977,26.31
Spain,ESP,1978,25.48
Spain,ESP,1979,24.89
Spain,ESP,1980,23.71
Spain,ESP,1981,22.52
Spain,ESP,1982,22.14
Spain,ESP,1983,22.11
Spain,ESP,1984,21.34
Spain,ESP,1986,20.749
Spain,ESP,1987,21.828
Spain,ESP,1988,22.853
Spain,ESP,1989,23.934
Spain,ESP,1990,24.744
Spain,ESP,1991,25.035
Spain,ESP,1992,25.869
Spain,ESP,1993,25.03
Spain,ESP,1994,24.863
Spain,ESP,1995,25.567
Spain,ESP,1996,26.302
Spain,ESP,1997,27.42
Spain,ESP,1998,28.196
Spain,ESP,1999,30.198
Spain,ESP,2000,32.429
Spain,ESP,2001,33.614
Spain,ESP,2002,35.367
Spain,ESP,2003,36.779
Spain,ESP,2004,38.242
Spain,ESP,2005,40.92
Spain,ESP,2006,42.472
Spain,ESP,2007,43.721
Spain,ESP,2008,43.886
Spain,ESP,2009,42.121
Spain,ESP,2010,41.607
Spain,ESP,2011,41.296
Spain,ESP,2012,40.059
Spain,ESP,2013,39.147
Spain,ESP,2014,39.605
Spain,ESP,2015,40.609
Spain,ESP,2016,41.703
Spain,ESP,2017,42.613
Spain,ESP,2018,43.498
Spain,ESP,2019,44.26
Spain,ESP,2020,42.624
Spain,ESP,2021,44.223
Spain,ESP,2022,45.338
Sri Lanka,LKA,1981,15.59
Sri Lanka,LKA,1985,30.23
Sri Lanka,LKA,1994,29.31
Sri Lanka,LKA,1995,29.16
Sri Lanka,LKA,1996,29.78
Sri Lanka,LKA,1997,30.64
Sri Lanka,LKA,1998,35.55
Sri Lanka,LKA,1999,33.6
Sri Lanka,LKA,2001,28.2
Sri Lanka,LKA,2002,29.2
Sri Lanka,LKA,2005,27.2
Sri Lanka,LKA,2009,32.17
Sri Lanka,LKA,2010,31.78
Sri Lanka,LKA,2011,31.832
Sri Lanka,LKA,2012,30.89
Sri Lanka,LKA,2013,32.045
Sri Lanka,LKA,2014,31.459
Sri Lanka,LKA,2015,33.15
Sri Lanka,LKA,2016,33.37
Sri Lanka,LKA,2017,34.251
Sri Lanka,LKA,2018,31.177
Sri Lanka,LKA,2019,31.902
Sri Lanka,LKA,2020,29.34
Sudan,SDN,2008,25.3
Sudan,SDN,2011,19.623
Suriname,SUR,1990,34.49
Suriname,SUR,1992,29.66
Suriname,SUR,1993,30.97
Suriname,SUR,1994,28.61
Suriname,SUR,1995,29.04
Suriname,SUR,1999,26.25
Suriname,SUR,2009,42.86
Suriname,SUR,2010,41.67
Suriname,SUR,2011,43.22
Suriname,SUR,2012,43.78
Suriname,SUR,2013,43.03
Suriname,SUR,2014,44.47
Suriname,SUR,2015,42.19
Suriname,SUR,2016,40.305
Sweden,SWE,1975,53.06
Sweden,SWE,1990,69.926
Sweden,SWE,1991,68.61
Sweden,SWE,1992,66.091
Sweden,SWE,1993,62.496
Sweden,SWE,1994,61.328
Sweden,SWE,1995,60.973
Sweden,SWE,1996,52.439
Sweden,SWE,1997,50.992
Sweden,SWE,1998,50.581
Sweden,SWE,1999,52.553
Sweden,SWE,2000,53.636
Sweden,SWE,2001,56.04
Sweden,SWE,2002,56.01
Sweden,SWE,2003,55.959
Sweden,SWE,2004,54.945
Sweden,SWE,2005,54.435
Sweden,SWE,2006,54.939
Sweden,SWE,2007,55.826
Sweden,SWE,2008,55.876
Sweden,SWE,2009,54.63
Sweden,SWE,2010,61.389
Sweden,SWE,2011,62.596
Sweden,SWE,2012,63
Sweden,SWE,2013,63.267
Sweden,SWE,2014,63.796
Sweden,SWE,2015,64.436
Sweden,SWE,2016,65.085
Sweden,SWE,2017,65.696
Sweden,SWE,2018,66.231
Sweden,SWE,2019,66.097
Sweden,SWE,2020,64.556
Sweden,SWE,2021,57.526
Sweden,SWE,2022,58.642
Switzerland,CHE,1978,33.69
Switzerland,CHE,1979,34.33
Switzerland,CHE,1980,35.32
Switzerland,CHE,1985,37.22
Switzerland,CHE,1986,38.04
Switzerland,CHE,1988,40.46
Switzerland,CHE,1989,41.76
Switzerland,CHE,1990,43.31
Switzerland,CHE,1991,50.586
Switzerland,CHE,1992,50.682
Switzerland,CHE,1993,50.515
Switzerland,CHE,1994,49.955
Switzerland,CHE,1995,50.237
Switzerland,CHE,1996,54.625
Switzerland,CHE,1997,54.682
Switzerland,CHE,1998,55.773
Switzerland,CHE,1999,56.107
Switzerland,CHE,2000,55.829
Switzerland,CHE,2001,56.791
Switzerland,CHE,2002,57.466
Switzerland,CHE,2003,56.794
Switzerland,CHE,2004,56.297
Switzerland,CHE,2005,56.319
Switzerland,CHE,2006,56.948
Switzerland,CHE,2007,57.234
Switzerland,CHE,2008,58.863
Switzerland,CHE,2009,58.784
Switzerland,CHE,2010,56.864
Switzerland,CHE,2011,57.632
Switzerland,CHE,2012,57.957
Switzerland,CHE,2013,58.137
Switzerland,CHE,2014,58.817
Switzerland,CHE,2015,59.223
Switzerland,CHE,2016,59.691
Switzerland,CHE,2017,59.444
Switzerland,CHE,2018,59.699
Switzerland,CHE,2019,60.015
Switzerland,CHE,2020,59.386
Switzerland,CHE,2021,58.922
Switzerland,CHE,2022,58.676
Syria,SYR,1993,19.5
Syria,SYR,1995,23
Syria,SYR,1997,14.6
Syria,SYR,1999,18.5
Syria,SYR,2000,20.8
Syria,SYR,2001,16.51
Syria,SYR,2002,17.8
Syria,SYR,2003,14.9
Syria,SYR,2006,11.4
Syria,SYR,2007,10.46
Syria,SYR,2008,11.16
Syria,SYR,2009,10.11
Syria,SYR,2010,10.1
Tajikistan,TJK,2003,43.241
Tajikistan,TJK,2004,47.79
Tajikistan,TJK,2009,27.955
Tajikistan,TJK,2016,30.86
Tanzania,TZA,2001,81.904
Tanzania,TZA,2006,83.299
Tanzania,TZA,2008,91.608
Tanzania,TZA,2010,80.723
Tanzania,TZA,2011,77.41
Tanzania,TZA,2012,35.115
Tanzania,TZA,2013,71.16
Tanzania,TZA,2014,77.974
Tanzania,TZA,2020,73.35
Thailand,THA,1976,58.43
Thailand,THA,1978,67.03
Thailand,THA,1979,64.23
Thailand,THA,1980,79.98
Thailand,THA,1982,66.69
Thailand,THA,1984,67.39
Thailand,THA,1987,72.87
Thailand,THA,1988,76.57
Thailand,THA,1989,77.73
Thailand,THA,1990,76.11
Thailand,THA,1994,70.36
Thailand,THA,1996,66.02
Thailand,THA,1997,66.98
Thailand,THA,2000,67.546
Thailand,THA,2007,67.843
Thailand,THA,2009,63.43
Thailand,THA,2010,63.276
Thailand,THA,2011,65.36
Thailand,THA,2012,64.88
Thailand,THA,2013,61.919
Thailand,THA,2014,61.185
Thailand,THA,2015,60.727
Thailand,THA,2016,59.751
Thailand,THA,2017,58.886
Thailand,THA,2018,59.21
Thailand,THA,2019,58.574
Thailand,THA,2020,58.544
Thailand,THA,2021,58.486
Thailand,THA,2022,59.225
Togo,TGO,2006,77.697
Togo,TGO,2011,75.13
Togo,TGO,2015,60.192
Togo,TGO,2017,54.336
Togo,TGO,2019,71.35
Tonga,TON,1984,18.58
Tonga,TON,2003,31.67
Tonga,TON,2018,41.497
Tonga,TON,2021,41.461
Trinidad and Tobago,TTO,1971,17.13
Trinidad and Tobago,TTO,1974,17.72
Trinidad and Tobago,TTO,1978,19.89
Trinidad and Tobago,TTO,1979,30.59
Trinidad and Tobago,TTO,1981,32.47
Trinidad and Tobago,TTO,1983,32.4
Trinidad and Tobago,TTO,1985,33.16
Trinidad and Tobago,TTO,1986,31.58
Trinidad and Tobago,TTO,1987,29.63
Trinidad and Tobago,TTO,1988,32.26
Trinidad and Tobago,TTO,1989,31.08
Trinidad and Tobago,TTO,1990,28.68
Trinidad and Tobago,TTO,1992,33.6
Trinidad and Tobago,TTO,1994,34.4
Trinidad and Tobago,TTO,1997,36.9
Trinidad and Tobago,TTO,2000,39.85
Trinidad and Tobago,TTO,2007,47.63
Trinidad and Tobago,TTO,2008,49.63
Trinidad and Tobago,TTO,2009,47.89
Trinidad and Tobago,TTO,2010,47.343
Trinidad and Tobago,TTO,2011,46.313
Trinidad and Tobago,TTO,2012,48.467
Trinidad and Tobago,TTO,2013,48.786
Trinidad and Tobago,TTO,2014,49.718
Trinidad and Tobago,TTO,2015,47.911
Trinidad and Tobago,TTO,2016,48.035
Trinidad and Tobago,TTO,2019,45.962
Trinidad and Tobago,TTO,2020,44.373
Trinidad and Tobago,TTO,2021,43.878
Trinidad and Tobago,TTO,2022,44.919
Tunisia,TUN,1989,15.87
Tunisia,TUN,1994,18.74
Tunisia,TUN,2005,20.035
Tunisia,TUN,2006,20.699
Tunisia,TUN,2007,20.775
Tunisia,TUN,2008,20.79
Tunisia,TUN,2009,20.143
Tunisia,TUN,2010,20.141
Tunisia,TUN,2011,18.066
Tunisia,TUN,2012,19.174
Tunisia,TUN,2013,19.693
Tunisia,TUN,2014,16.524
Tunisia,TUN,2015,20.252
Tunisia,TUN,2016,20.362
Tunisia,TUN,2017,20.494
Tunisia,TUN,2019,21.036
Turkey,TUR,1988,32.98
Turkey,TUR,1989,34.41
Turkey,TUR,1990,31.249
Turkey,TUR,1991,31.702
Turkey,TUR,1992,30.195
Turkey,TUR,1993,24.29
Turkey,TUR,1994,28.766
Turkey,TUR,1995,28.671
Turkey,TUR,1996,28.744
Turkey,TUR,1997,26.576
Turkey,TUR,1998,27.275
Turkey,TUR,1999,27.735
Turkey,TUR,2000,24.902
Turkey,TUR,2001,25.11
Turkey,TUR,2002,25.271
Turkey,TUR,2003,23.898
Turkey,TUR,2004,20.771
Turkey,TUR,2005,20.694
Turkey,TUR,2006,20.96
Turkey,TUR,2007,21.02
Turkey,TUR,2008,21.641
Turkey,TUR,2009,22.308
Turkey,TUR,2010,24.029
Turkey,TUR,2011,25.567
Turkey,TUR,2012,26.32
Turkey,TUR,2013,27.094
Turkey,TUR,2014,26.659
Turkey,TUR,2015,27.52
Turkey,TUR,2016,27.995
Turkey,TUR,2017,28.859
Turkey,TUR,2018,29.429
Turkey,TUR,2019,28.695
Turkey,TUR,2020,26.27
Turkey,TUR,2021,27.987
Turkey,TUR,2022,30.406
Tuvalu,TUV,2002,42.79
Tuvalu,TUV,2016,32.12
Tuvalu,TUV,2017,27.7
Tuvalu,TUV,2022,18.133
Uganda,UGA,2002,76.7
Uganda,UGA,2003,35.71
Uganda,UGA,2005,79
Uganda,UGA,2010,69.125
Uganda,UGA,2011,77.047
Uganda,UGA,2012,62.902
Uganda,UGA,2013,81.71
Uganda,UGA,2014,74.075
Uganda,UGA,2017,64.545
Uganda,UGA,2019,73.002
Uganda,UGA,2021,71.545
Ukraine,UKR,2004,52.866
Ukraine,UKR,2005,53.138
Ukraine,UKR,2006,53.02
Ukraine,UKR,2007,53.69
Ukraine,UKR,2008,54.043
Ukraine,UKR,2009,53.873
Ukraine,UKR,2014,51.9
Ukraine,UKR,2015,51.66
Ukraine,UKR,2016,51.59
Ukraine,UKR,2017,51.36
Ukraine,UKR,2018,52.534
Ukraine,UKR,2019,45.376
Ukraine,UKR,2020,43.763
Ukraine,UKR,2021,42.92
United Arab Emirates,ARE,1975,9.73
United Arab Emirates,ARE,1980,15.31
United Arab Emirates,ARE,1995,30.6
United Arab Emirates,ARE,2005,35.13
United Arab Emirates,ARE,2008,36.81
United Arab Emirates,ARE,2009,37.52
United Arab Emirates,ARE,2017,49.055
United Arab Emirates,ARE,2018,49.614
United Arab Emirates,ARE,2019,54.541
United Arab Emirates,ARE,2020,58.293
United Arab Emirates,ARE,2021,49.316
United Arab Emirates,ARE,2022,51.407
United Kingdom,GBR,1978,34.11
United Kingdom,GBR,1979,35.07
United Kingdom,GBR,1980,35.09
United Kingdom,GBR,1983,41.196
United Kingdom,GBR,1984,42.433
United Kingdom,GBR,1985,43.348
United Kingdom,GBR,1986,43.807
United Kingdom,GBR,1987,44.761
United Kingdom,GBR,1988,46.258
United Kingdom,GBR,1989,48.375
United Kingdom,GBR,1990,48.972
United Kingdom,GBR,1991,48.403
United Kingdom,GBR,1992,48.502
United Kingdom,GBR,1993,48.406
United Kingdom,GBR,1994,48.626
United Kingdom,GBR,1995,48.836
United Kingdom,GBR,1996,49.55
United Kingdom,GBR,1997,50.213
United Kingdom,GBR,1998,50.474
United Kingdom,GBR,1999,51.016
United Kingdom,GBR,2000,51.558
United Kingdom,GBR,2001,51.855
United Kingdom,GBR,2002,52.255
United Kingdom,GBR,2003,52.335
United Kingdom,GBR,2004,52.63
United Kingdom,GBR,2005,53.014
United Kingdom,GBR,2006,53.132
United Kingdom,GBR,2007,52.924
United Kingdom,GBR,2008,53.124
United Kingdom,GBR,2009,52.544
United Kingdom,GBR,2010,52.211
United Kingdom,GBR,2011,52.078
United Kingdom,GBR,2012,52.244
United Kingdom,GBR,2013,52.767
United Kingdom,GBR,2014,53.703
United Kingdom,GBR,2015,54.27
United Kingdom,GBR,2016,54.804
United Kingdom,GBR,2017,55.353
United Kingdom,GBR,2018,55.744
United Kingdom,GBR,2019,56.39
United States,USA,1960,35.5
United States,USA,1961,35.4
United States,USA,1962,35.6
United States,USA,1963,35.8
United States,USA,1964,36.3
United States,USA,1965,37.1
United States,USA,1966,38.3
United States,USA,1967,39
United States,USA,1968,39.6
United States,USA,1969,40.7
United States,USA,1970,40.8
United States,USA,1971,40.4
United States,USA,1972,41
United States,USA,1973,42
United States,USA,1974,42.6
United States,USA,1975,42
United States,USA,1976,43.2
United States,USA,1977,44.5
United States,USA,1978,46.4
United States,USA,1979,47.5
United States,USA,1980,47.7
United States,USA,1981,48
United States,USA,1982,47.7
United States,USA,1983,48
United States,USA,1984,49.5
United States,USA,1985,50.4
United States,USA,1986,51.4
United States,USA,1987,52.5
United States,USA,1988,53.4
United States,USA,1989,54.3
United States,USA,1990,54.3
United States,USA,1991,53.7
United States,USA,1992,53.8
United States,USA,1993,54.1
United States,USA,1994,55.299
United States,USA,1995,55.699
United States,USA,1996,56.097
United States,USA,1997,56.859
United States,USA,1998,57.082
United States,USA,1999,57.43
United States,USA,2000,57.485
United States,USA,2001,57.005
United States,USA,2002,56.275
United States,USA,2003,56.134
United States,USA,2004,55.97
United States,USA,2005,56.235
United States,USA,2006,56.616
United States,USA,2007,56.638
United States,USA,2008,56.247
United States,USA,2009,54.418
United States,USA,2010,53.569
United States,USA,2011,53.186
United States,USA,2012,53.131
United States,USA,2013,53.158
United States,USA,2014,53.521
United States,USA,2015,53.742
United States,USA,2016,54.081
United States,USA,2017,54.578
United States,USA,2018,54.888
United States,USA,2019,55.356
United States,USA,2020,51.511
United States,USA,2021,53.166
United States,USA,2022,54.736
Upper-middle-income countries,,2000,57.85968
Uruguay,URY,1998,43.568
Uruguay,URY,1999,42.178
Uruguay,URY,2000,41.559
Uruguay,URY,2001,41.507
Uruguay,URY,2002,39.561
Uruguay,URY,2003,39.431
Uruguay,URY,2004,41.284
Uruguay,URY,2005,42.655
Uruguay,URY,2006,44.586
Uruguay,URY,2007,46.988
Uruguay,URY,2008,48.82
Uruguay,URY,2009,49.651
Uruguay,URY,2010,49.909
Uruguay,URY,2011,52.311
Uruguay,URY,2012,51.945
Uruguay,URY,2013,50.879
Uruguay,URY,2014,52.182
Uruguay,URY,2015,51.332
Uruguay,URY,2016,51.029
Uruguay,URY,2017,50.757
Uruguay,URY,2018,50.324
Uruguay,URY,2019,50.304
Uruguay,URY,2020,47.687
Uruguay,URY,2021,49.956
Uruguay,URY,2022,50.616
Uzbekistan,UZB,2002,32.74
Uzbekistan,UZB,2003,33.22
Uzbekistan,UZB,2004,37.2
Uzbekistan,UZB,2005,37.52
Uzbekistan,UZB,2006,38.12
Uzbekistan,UZB,2007,37.64
Uzbekistan,UZB,2009,63.51
Uzbekistan,UZB,2010,62.41
Uzbekistan,UZB,2011,61.74
Uzbekistan,UZB,2012,62.2
Uzbekistan,UZB,2013,63.18
Uzbekistan,UZB,2014,63.8
Uzbekistan,UZB,2015,64.51
Uzbekistan,UZB,2016,65.17
Uzbekistan,UZB,2017,65.96
Uzbekistan,UZB,2019,58.93
Uzbekistan,UZB,2020,36.856
Vanuatu,VUT,2006,66.29
Vanuatu,VUT,2009,57.094
Vanuatu,VUT,2010,57.179
Vanuatu,VUT,2019,50.244
Vanuatu,VUT,2020,36.342
Venezuela,VEN,1984,27.04
Venezuela,VEN,1985,27.31
Venezuela,VEN,1986,27.58
Venezuela,VEN,1987,28.8
Venezuela,VEN,1988,29.39
Venezuela,VEN,1989,31.63
Venezuela,VEN,1994,33.73
Venezuela,VEN,1996,36.3
Venezuela,VEN,1998,41.5
Venezuela,VEN,2002,44.43
Venezuela,VEN,2005,43.58
Venezuela,VEN,2006,45.223
Venezuela,VEN,2007,45.821
Venezuela,VEN,2008,46.537
Venezuela,VEN,2009,46.918
Venezuela,VEN,2010,46.048
Venezuela,VEN,2011,45.96
Venezuela,VEN,2012,45.868
Venezuela,VEN,2016,45.16
Venezuela,VEN,2017,50.506
Venezuela,VEN,2020,43.51
Vietnam,VNM,1996,71.3
Vietnam,VNM,1997,69
Vietnam,VNM,1998,68.8
Vietnam,VNM,1999,68.7
Vietnam,VNM,2000,67.4
Vietnam,VNM,2001,67.3
Vietnam,VNM,2002,67.4
Vietnam,VNM,2003,66.7
Vietnam,VNM,2004,65.95
Vietnam,VNM,2007,69.169
Vietnam,VNM,2009,70.366
Vietnam,VNM,2010,70.803
Vietnam,VNM,2011,70.927
Vietnam,VNM,2012,71.08
Vietnam,VNM,2013,71.821
Vietnam,VNM,2014,71.891
Vietnam,VNM,2015,71.255
Vietnam,VNM,2016,70.732
Vietnam,VNM,2017,70.226
Vietnam,VNM,2018,69.725
Vietnam,VNM,2019,69.347
Vietnam,VNM,2020,66.195
Vietnam,VNM,2021,66.643
Vietnam,VNM,2022,67.558
World,OWID_WRL,2000,47.863716
World,OWID_WRL,2019,40.78667
Yemen,YEM,1999,20
Yemen,YEM,2004,5.8
Yemen,YEM,2005,5.8
Yemen,YEM,2006,6.1
Yemen,YEM,2007,6.1
Yemen,YEM,2008,6
Yemen,YEM,2009,5.94
Yemen,YEM,2010,4.51
Yemen,YEM,2014,4.46
Zambia,ZMB,1986,53.5
Zambia,ZMB,1990,26.57
Zambia,ZMB,1991,41.9
Zambia,ZMB,1998,50
Zambia,ZMB,2000,43.18
Zambia,ZMB,2017,34.088
Zambia,ZMB,2018,49.646
Zambia,ZMB,2019,49.654
Zambia,ZMB,2020,51.061
Zambia,ZMB,2021,51.075
Zambia,ZMB,2022,50.6
Zimbabwe,ZWE,1987,60.99
Zimbabwe,ZWE,1997,64.2
Zimbabwe,ZWE,1999,61.51
Zimbabwe,ZWE,2004,73.95
Zimbabwe,ZWE,2011,72.826
Zimbabwe,ZWE,2012,52.35
Zimbabwe,ZWE,2014,76.099
Zimbabwe,ZWE,2019,56.447
Zimbabwe,ZWE,2021,54.094